Workbook

Sheet Dashboard

Sheet Raw Data
A1: Ticket_ID | B1: Patient_ID | C1: Visit_ID | D1: Patient_Age | E1: Gender | F1: Country | G1: Location | H1: Facility_Type | I1: Facility_Name | J1: Department | K1: Ticket_Channel | L1: Issue_Category | M1: Issue_Subcategory | N1: Ticket_Description | O1: Created_Date | P1: First_Response_Time | Q1: Resolution_Time | R1: Resolved_Date | S1: Status | T1: Priority | U1: Escalation_Level | V1: Assigned_To | W1: Resolution_Type | X1: Patient_Satisfaction | Y1: Complaint_Flag | Z1: Feedback_Comment | AA1: Cost_Estimate_USD | AB1: Refund_Required
A2: tk_1000 | B2: P-204 | C2: V-7912 | D2: 4 | E2: Female | F2: Lebanon | G2: Beirut | H2: Clinic | I2: Al Noor Hosp. | J2: Reception | K2: WhatsApp | L2: Technical | M2: System down | N2: need help | O2: 26/02/2025 | P2: 45 | Q2: 2h | S2: Pending | T2: High | U2: 1 | V2: Lina | W2: Duplicate | X2: 1 | Y2: Yes | Z2: bad experience | AA2: ~30 | AB2: Yes
A3: 1001 | C3: V-6925 | D3: 9 | E3: Female | F3: Iraq | G3: Basra | H3: Mobile Unit | I3: Al Noor Hosp. | J3: Pharmacy | K3: Phone | L3: Admin | M3: Prescription issue | N3: waiting too long | O3: 04-27-25 | P3: 45 | Q3: 5 hours | R3: 05/04/2025 | S3: resloved | T3: High | U3: 0 | V3: Omar | W3: Referred | X3: 2 | Y3: N | Z3: good service | AA3: ~30 | AB3: No
A4: 1002 | C4: V-2084 | D4: ~30 | E4: m | F4: Jordan | G4: Irbid | H4: Clinic | I4: HealthPlus | J4: Lab | K4: Email | L4: Inquiry | M4: Prescription issue | N4: waiting too long | O4: 2025-02-05 | P4: 45 | Q4: 48 | S4: Pending | T4: Medium | U4: 1 | W4: Dropped | X4: 1 | Y4: Yes | Z4: good service | AA4: 10 | AB4: Yes
A5: 1003 | D5: 71 | E5: Male | F5: Jordan | G5: Irbid | H5: Mobile Unit | I5: Care Clinic | J5: ER | K5: Walk-in | L5: Admin | M5: Long wait time | N5: الخدمة سيئة | O5: 2025-04-27 | P5: 45 | Q5: 48 | R5: 02-15-25 | S5: pendng | T5: High | U5: Level 1 | V5: Lina | W5: Referred | X5: 3 | Y5: No | Z5: تأخير في الخدمة | AA5: 100 USD | AB5: Yes
A6: TCK-1004 | B6: P-159 | C6: V-2290 | D6: 63 | E6: fem | F6: Iraq | G6: Basra | H6: Clinic | I6: Alnoor Hospital | J6: Lab | K6: Web | L6: Inquiry | M6: Prescription issue | N6: waiting too long | O6: 05-16-25 | P6: 2 hours | Q6: 5 hours | R6: 05-19-25 | S6: resloved | T6: High | U6: 3 | V6: Maya | W6: Dropped | X6: 5 | Y6: N | AA6: 10 | AB6: Yes
A7: TCK-1005 | B7: P-172 | C7: V-4750 | D7: unknown | E7: Male | F7: Jordan | G7: Amman | H7: Clinic | I7: Care Clinic | J7: Lab | K7: WhatsApp | L7: Technical | M7: Long wait time | N7: waiting too long | O7: 05-27-25 | P7: 2 hours | Q7: 5 hours | R7: 02/05/2025 | S7: Open | T7: Low | U7: 3 | V7: Maya | W7: Dropped | X7: 4 | Y7: N | Z7: bad experience | AA7: 10 | AB7: Yes
A8: TCK-1006 | D8: unknown | E8: F | F8: Lebanon | G8: Saida | H8: Clinic | I8: Al Noor Hosp. | J8: Lab | K8: Web | L8: Complaint | M8: Billing error | N8: waiting too long | O8: 06-16-25 | P8: 30 min | Q8: 2h | S8: Escalated | T8: Critical | U8: 1 | V8: John | W8: Solved | X8: 2 | Y8: N | Z8: bad experience | AA8: 10 | AB8: No
A9: TCK-1007 | B9: P-403 | C9: V-1958 | D9: 41 | E9: Male | F9: Iraq | G9: Basra | H9: Pharmacy | I9: Alnoor Hospital | J9: ER | K9: Web | L9: Complaint | M9: Long wait time | O9: 01-18-25 | P9: 30 min | Q9: 5 hours | R9: 2025-04-14 | S9: Resolved | T9: Low | U9: Level 1 | V9: Sara | W9: Dropped | X9: good | Z9: bad experience | AA9: 100 USD | AB9: No
A10: TCK-1008 | D10: 10 | E10: F | F10: Iraq | G10: Baghdad | H10: Hospital | I10: Al Noor Hosp. | J10: Reception | K10: WhatsApp | L10: Technical | M10: Prescription issue | N10: need help | O10: 03/02/2025 | P10: 30 min | Q10: 5 hours | R10: 05/04/2025 | S10: Escalated | T10: High | U10: Level 1 | W10: Solved | X10: good | Z10: مشكلة في الفاتورة | AA10: 50 | AB10: Yes
A11: 1009 | B11: P-719 | C11: V-6617 | D11: ~30 | E11: m | F11: Jordan | G11: Zarqa | H11: Pharmacy | I11: Care Clinic | J11: ER | K11: Phone | L11: Admin | M11: Prescription issue | N11: waiting too long | O11: 2025-01-12 | P11: 45 | Q11: 5 hours | R11: 13/06/2025 | S11: resloved | T11: Critical | U11: Level 1 | V11: John | W11: Solved | X11: 1 | Y11: Yes | AA11: 20 | AB11: Yes
A12: 1010 | B12: P-473 | C12: V-6862 | D12: 88 | E12: Male | F12: Iraq | G12: Mosul | H12: Mobile Unit | I12: HealthPlus | J12: Reception | K12: WhatsApp | L12: Inquiry | M12: Long wait time | O12: 15/02/2025 | P12: 30 min | Q12: 5 hours | R12: 27/03/2025 | S12: Pending | T12: Medium | U12: 0 | V12: John | W12: Solved | X12: bad | Y12: N | Z12: good service | AA12: 20 | AB12: Yes
A13: tk_1011 | D13: unknown | E13: m | F13: Egypt | G13: Giza | H13: Pharmacy | I13: Care Clinic | J13: ER | K13: Phone | L13: Medical | M13: Long wait time | N13: need help | O13: 29/05/2025 | P13: 30 min | Q13: 2h | S13: resloved | T13: High | U13: 3 | W13: Solved | X13: 4 | Z13: good service | AA13: 20 | AB13: No
A14: 1012 | C14: V-6143 | D14: ~30 | E14: m | F14: Lebanon | G14: Saida | H14: Pharmacy | I14: Care Clinic | J14: Lab | K14: Walk-in | L14: Technical | M14: Long wait time | N14: تأخير في الخدمة | O14: 19/02/2025 | P14: 2 hours | Q14: 5 hours | S14: Escalated | T14: Low | U14: 2 | V14: Hassan | W14: Referred | X14: 4 | AA14: 100 USD | AB14: No
A15: tk_1013 | D15: 12 | E15: m | F15: Egypt | G15: Giza | H15: Clinic | I15: Alnoor Hospital | J15: Pharmacy | K15: Phone | L15: Complaint | M15: Long wait time | N15: need help | O15: 05-02-25 | P15: 30 min | Q15: -1 | R15: 04-17-25 | S15: resloved | T15: Critical | U15: 3 | V15: John | W15: Referred | X15: 2 | Y15: Yes | Z15: bad experience | AA15: 10 | AB15: No
A16: 1014 | D16: ~30 | E16: fem | F16: Jordan | G16: Amman | H16: Pharmacy | I16: HealthPlus | J16: Pharmacy | K16: Email | L16: Admin | M16: Prescription issue | N16: waiting too long | O16: 03-05-25 | P16: 45 | Q16: 48 | R16: 05-05-25 | S16: Pending | T16: Critical | U16: 0 | V16: Hassan | W16: Referred | X16: 3 | Y16: Y | Z16: good service | AA16: 50 | AB16: Yes
A17: TCK-1015 | D17: 54 | E17: Female | F17: Jordan | G17: Amman | H17: Pharmacy | I17: HealthPlus | J17: Reception | K17: Phone | L17: Technical | M17: System down | O17: 2025-05-03 | P17: 45 | Q17: 1 day | R17: 10/04/2025 | S17: Escalated | T17: Medium | U17: 2 | V17: John | W17: Dropped | X17: 1 | Y17: N | Z17: bad experience | AA17: 50 | AB17: No
A18: tk_1016 | B18: P-677 | D18: unknown | E18: Female | F18: Jordan | G18: Zarqa | H18: Hospital | I18: Care Clinic | J18: Lab | K18: Walk-in | L18: Inquiry | M18: System down | N18: الدكتور لم يحضر | O18: 25/03/2025 | P18: 2 hours | Q18: 1 day | R18: 18/04/2025 | S18: Escalated | T18: Low | U18: Level 1 | V18: Ali | W18: Duplicate | X18: 2 | Y18: Yes | Z18: تأخير في الخدمة | AA18: 10 | AB18: Yes
A19: TCK-1017 | B19: P-584 | D19: unknown | E19: m | F19: Jordan | G19: Amman | H19: Clinic | I19: Al Noor Hosp. | J19: Pharmacy | K19: Walk-in | L19: Complaint | M19: Wrong appointment | N19: تأخير في الخدمة | O19: 07/01/2025 | P19: 2 hours | Q19: -1 | R19: 2025-02-20 | S19: Open | T19: High | U19: Level 1 | V19: Sara | W19: Solved | X19: 3 | Z19: bad experience | AA19: ~30 | AB19: No
A20: 1018 | D20: ~30 | E20: fem | F20: Lebanon | G20: Tripoli | H20: Mobile Unit | I20: HealthPlus | J20: Lab | K20: Email | L20: Technical | M20: Prescription issue | O20: 2025-03-24 | P20: 30 min | Q20: 1 day | S20: Resolved | T20: Critical | U20: 2 | V20: Ali | W20: Dropped | X20: bad | Y20: Y | Z20: good service | AA20: 20 | AB20: No
A21: tk_1019 | B21: P-110 | C21: V-2402 | D21: unknown | E21: fem | F21: Jordan | G21: Zarqa | H21: Clinic | I21: HealthPlus | J21: Lab | K21: Email | L21: Complaint | M21: Billing error | N21: billing not clear | O21: 2025-03-17 | P21: 2 hours | Q21: 5 hours | S21: Escalated | T21: High | U21: 3 | W21: Duplicate | X21: 3 | Y21: N | AA21: 50 | AB21: No
A22: tk_1020 | B22: P-648 | C22: V-4138 | D22: unknown | E22: fem | F22: Iraq | G22: Baghdad | H22: Mobile Unit | I22: Al Noor Hosp. | J22: Pharmacy | K22: Walk-in | L22: Inquiry | M22: Prescription issue | N22: need help | O22: 15/02/2025 | P22: 30 min | Q22: 48 | R22: 02/02/2025 | S22: Open | T22: High | U22: 1 | V22: Fatima | W22: Solved | X22: bad | Y22: Yes | Z22: good service | AA22: 100 USD | AB22: No
A23: 1021 | C23: V-2869 | D23: unknown | E23: Male | F23: Egypt | G23: Giza | H23: Hospital | I23: Alnoor Hospital | J23: Pharmacy | K23: Web | L23: Medical | M23: Billing error | N23: billing not clear | O23: 2025-03-05 | P23: 2 hours | Q23: 48 | R23: 06-02-25 | S23: pendng | T23: Critical | U23: 3 | V23: Fatima | W23: Duplicate | X23: bad | Z23: good service | AA23: ~30 | AB23: No
A24: TCK-1022 | B24: P-345 | C24: V-2229 | D24: unknown | E24: F | F24: Lebanon | G24: Beirut | H24: Pharmacy | I24: Care Clinic | J24: ER | K24: WhatsApp | L24: Medical | M24: Missing record | N24: need help | O24: 03-14-25 | P24: 2 hours | Q24: 2h | S24: pendng | T24: Medium | U24: 3 | V24: Sara | W24: Referred | X24: good | Y24: No | Z24: good service | AA24: 50 | AB24: Yes
A25: TCK-1023 | D25: ~30 | E25: F | F25: Lebanon | G25: Beirut | H25: Pharmacy | I25: Al Noor Hosp. | J25: Reception | K25: Phone | L25: Admin | M25: Missing record | N25: billing not clear | O25: 03-24-25 | P25: 45 | Q25: 2h | R25: 2025-01-24 | S25: pendng | T25: High | U25: Level 1 | V25: Ali | W25: Referred | X25: 4 | Z25: مشكلة في الفاتورة | AA25: ~30 | AB25: No
A26: 1024 | C26: V-6260 | D26: unknown | E26: F | F26: Jordan | G26: Irbid | H26: Pharmacy | I26: Care Clinic | J26: Lab | K26: Web | L26: Complaint | M26: System down | O26: 23/01/2025 | P26: 45 | Q26: 1 day | R26: 30/01/2025 | S26: resloved | T26: Critical | U26: 3 | V26: Ali | W26: Referred | X26: 5 | Y26: Y | Z26: تأخير في الخدمة | AA26: 100 USD | AB26: No
A27: 1025 | C27: V-2989 | D27: ~30 | E27: Female | F27: Egypt | G27: Cairo | H27: Clinic | I27: Care Clinic | J27: Reception | K27: Phone | L27: Technical | M27: System down | N27: billing not clear | O27: 2025-01-24 | P27: 30 min | Q27: -1 | R27: 01-31-25 | S27: Escalated | T27: High | U27: Level 1 | V27: Hassan | W27: Dropped | X27: bad | Y27: N | AA27: ~30 | AB27: Yes
A28: TCK-1026 | D28: unknown | E28: m | F28: Egypt | G28: Alexandria | H28: Pharmacy | I28: Alnoor Hospital | J28: Lab | K28: Web | L28: Admin | M28: Prescription issue | O28: 03-27-25 | P28: 2 hours | Q28: -1 | R28: 2025-03-24 | S28: Resolved | T28: Critical | U28: 1 | V28: John | W28: Solved | X28: 3 | Y28: N | Z28: bad experience | AA28: ~30 | AB28: No
A29: 1027 | C29: V-1251 | D29: ~30 | E29: Female | F29: Jordan | G29: Zarqa | H29: Hospital | I29: HealthPlus | J29: Billing | K29: Walk-in | L29: Technical | M29: Missing record | N29: need help | O29: 04-12-25 | P29: 30 min | Q29: 1 day | S29: Pending | T29: Critical | U29: Level 1 | V29: Ali | W29: Solved | X29: 2 | Y29: Y | Z29: good service | AA29: 20 | AB29: Yes
A30: TCK-1028 | D30: unknown | E30: F | F30: Egypt | G30: Cairo | H30: Clinic | I30: Alnoor Hospital | J30: Reception | K30: Email | L30: Technical | M30: Missing record | O30: 2025-02-16 | P30: 1h | Q30: 2h | R30: 06/06/2025 | S30: Escalated | T30: Medium | U30: 1 | V30: Fatima | W30: Duplicate | X30: 4 | Y30: Y | AA30: 10 | AB30: No
A31: tk_1029 | D31: 39 | E31: F | F31: Iraq | G31: Mosul | H31: Pharmacy | I31: Al Noor Hosp. | J31: Pharmacy | K31: Email | L31: Technical | M31: Prescription issue | N31: waiting too long | O31: 28/05/2025 | P31: 45 | Q31: 2h | S31: Open | T31: Low | U31: Level 1 | V31: Fatima | W31: Duplicate | X31: bad | Y31: No | AA31: 100 USD | AB31: No
A32: tk_1030 | B32: P-199 | D32: ~30 | E32: m | F32: Jordan | G32: Irbid | H32: Clinic | I32: Al Noor Hosp. | J32: Billing | K32: Walk-in | L32: Admin | M32: Long wait time | N32: الدكتور لم يحضر | O32: 2025-02-21 | P32: 45 | Q32: 48 | R32: 09/05/2025 | S32: Pending | T32: Critical | U32: 2 | V32: Maya | W32: Solved | X32: 4 | Y32: Yes | Z32: bad experience | AA32: 20 | AB32: Yes
A33: 1031 | B33: P-649 | D33: ~30 | E33: m | F33: Egypt | G33: Alexandria | H33: Pharmacy | I33: Care Clinic | J33: ER | K33: WhatsApp | L33: Admin | M33: Billing error | N33: waiting too long | O33: 06-08-25 | P33: 45 | Q33: 48 | R33: 02-26-25 | S33: resloved | T33: Critical | U33: 2 | V33: John | W33: Solved | X33: 2 | Y33: Yes | Z33: good service | AA33: 10 | AB33: No
A34: 1032 | D34: 84 | E34: F | F34: Egypt | G34: Cairo | H34: Pharmacy | I34: Care Clinic | J34: ER | K34: Walk-in | L34: Inquiry | M34: System down | N34: need help | O34: 2025-04-24 | P34: 45 | Q34: 2h | S34: Open | T34: Critical | U34: 2 | V34: Lina | W34: Solved | X34: bad | Y34: N | Z34: الدكتور لم يحضر | AA34: 10 | AB34: Yes
A35: TCK-1033 | B35: P-949 | C35: V-4538 | D35: 43 | E35: fem | F35: Lebanon | G35: Beirut | H35: Hospital | I35: Care Clinic | J35: Pharmacy | K35: WhatsApp | L35: Technical | M35: Prescription issue | N35: need help | O35: 2025-02-14 | P35: 30 min | Q35: 5 hours | R35: 04/01/2025 | S35: Resolved | T35: High | U35: 0 | V35: Omar | W35: Duplicate | X35: 1 | Y35: No | Z35: bad experience | AA35: ~30 | AB35: Yes
A36: tk_1034 | B36: P-326 | D36: ~30 | E36: Male | F36: Lebanon | G36: Saida | H36: Hospital | I36: HealthPlus | J36: Lab | K36: Email | L36: Complaint | M36: System down | N36: billing not clear | O36: 2025-04-24 | P36: 30 min | Q36: 1 day | R36: 2025-06-05 | S36: Closed | T36: High | U36: Level 1 | W36: Duplicate | X36: 4 | Z36: تأخير في الخدمة | AA36: 100 USD | AB36: No
A37: 1035 | B37: P-562 | D37: unknown | E37: F | F37: Egypt | G37: Alexandria | H37: Hospital | I37: Care Clinic | J37: Lab | K37: Walk-in | L37: Medical | M37: Prescription issue | N37: waiting too long | O37: 02-09-25 | P37: 2 hours | Q37: 2h | R37: 2025-01-24 | S37: Escalated | T37: Low | U37: 2 | V37: Omar | W37: Solved | X37: 5 | Z37: bad experience | AA37: 100 USD | AB37: No
A38: tk_1036 | C38: V-2697 | D38: ~30 | E38: F | F38: Lebanon | G38: Saida | H38: Clinic | I38: Al Noor Hosp. | J38: Billing | K38: Web | L38: Medical | M38: Billing error | O38: 03-13-25 | P38: 1h | Q38: -1 | R38: 05-24-25 | S38: Resolved | T38: High | U38: 0 | V38: Omar | W38: Duplicate | X38: good | Y38: Y | AA38: 50 | AB38: No
A39: TCK-1037 | B39: P-858 | C39: V-2503 | D39: unknown | E39: F | F39: Lebanon | G39: Bekaa | H39: Mobile Unit | I39: Alnoor Hospital | J39: Billing | K39: Walk-in | L39: Medical | M39: Wrong appointment | N39: الدكتور لم يحضر | O39: 2025-06-02 | P39: 30 min | Q39: 5 hours | R39: 02-10-25 | S39: resloved | T39: Low | U39: 2 | V39: Fatima | W39: Dropped | X39: 4 | Z39: good service | AA39: ~30 | AB39: No
A40: 1038 | D40: 6 | E40: F | F40: Iraq | G40: Baghdad | H40: Hospital | I40: Al Noor Hosp. | J40: Pharmacy | K40: Walk-in | L40: Inquiry | M40: Long wait time | N40: billing not clear | O40: 07/03/2025 | P40: 45 | Q40: 2h | S40: Closed | T40: Medium | U40: 3 | W40: Referred | X40: 5 | Z40: good service | AA40: 50 | AB40: Yes
A41: TCK-1039 | D41: unknown | E41: m | F41: Egypt | G41: Alexandria | H41: Hospital | I41: HealthPlus | J41: ER | K41: Walk-in | L41: Inquiry | M41: Wrong appointment | O41: 04-28-25 | P41: 45 | Q41: 2h | R41: 2025-04-22 | S41: Escalated | T41: Critical | U41: Level 1 | V41: Sara | W41: Dropped | X41: bad | Y41: Y | Z41: تأخير في الخدمة | AA41: 50 | AB41: Yes
A42: 1040 | B42: P-459 | C42: V-4871 | D42: unknown | E42: Female | F42: Iraq | G42: Baghdad | H42: Clinic | I42: Alnoor Hospital | J42: ER | K42: WhatsApp | L42: Admin | M42: System down | N42: تأخير في الخدمة | O42: 05-25-25 | P42: 2 hours | Q42: 48 | S42: pendng | T42: High | U42: 1 | V42: Fatima | W42: Solved | X42: 4 | Y42: N | Z42: bad experience | AA42: 50 | AB42: No
A43: TCK-1041 | C43: V-5703 | D43: 83 | E43: fem | F43: Lebanon | G43: Tripoli | H43: Pharmacy | I43: HealthPlus | J43: Reception | K43: Web | L43: Complaint | M43: System down | N43: billing not clear | O43: 05-27-25 | P43: 1h | Q43: 1 day | R43: 04/06/2025 | S43: Open | T43: Critical | U43: 0 | V43: Maya | W43: Solved | X43: 5 | Y43: No | Z43: الخدمة سيئة | AA43: 10 | AB43: Yes
A44: 1042 | D44: unknown | E44: Male | F44: Egypt | G44: Giza | H44: Pharmacy | I44: Care Clinic | J44: Billing | K44: Web | L44: Inquiry | M44: Prescription issue | N44: billing not clear | O44: 01-21-25 | P44: 1h | Q44: 1 day | S44: Closed | T44: Low | U44: 2 | W44: Dropped | X44: good | Y44: Y | AA44: 20 | AB44: Yes
A45: TCK-1043 | C45: V-8967 | D45: 29 | E45: Female | F45: Egypt | G45: Alexandria | H45: Hospital | I45: Care Clinic | J45: ER | K45: Web | L45: Technical | M45: Missing record | N45: waiting too long | O45: 2025-05-15 | P45: 45 | Q45: 48 | S45: Closed | T45: Medium | U45: 1 | V45: Omar | W45: Dropped | X45: 1 | Y45: N | AA45: 50 | AB45: Yes
A46: 1044 | D46: ~30 | E46: F | F46: Egypt | G46: Alexandria | H46: Pharmacy | I46: Care Clinic | J46: Lab | K46: Web | L46: Technical | M46: System down | O46: 2025-02-11 | P46: 1h | Q46: 1 day | S46: pendng | T46: High | U46: Level 1 | V46: Sara | W46: Solved | X46: 3 | Y46: Yes | Z46: bad experience | AA46: 20 | AB46: No
A47: 1045 | B47: P-457 | C47: V-7797 | D47: ~30 | E47: m | F47: Egypt | G47: Alexandria | H47: Clinic | I47: HealthPlus | J47: ER | K47: Walk-in | L47: Inquiry | M47: Billing error | O47: 2025-03-23 | P47: 45 | Q47: 5 hours | S47: pendng | T47: Critical | U47: 1 | V47: Fatima | W47: Dropped | X47: 5 | Y47: Yes | Z47: bad experience | AA47: 10 | AB47: Yes
A48: 1046 | C48: V-2996 | D48: unknown | E48: fem | F48: Iraq | G48: Baghdad | H48: Pharmacy | I48: Al Noor Hosp. | J48: ER | K48: Email | L48: Technical | M48: Wrong appointment | N48: الدكتور لم يحضر | O48: 01-05-25 | P48: 1h | Q48: 5 hours | R48: 16/03/2025 | S48: Resolved | T48: High | U48: 1 | V48: John | W48: Referred | X48: good | Y48: Yes | Z48: good service | AA48: 100 USD | AB48: No
A49: 1047 | B49: P-359 | C49: V-6850 | D49: 45 | E49: Male | F49: Lebanon | G49: Beirut | H49: Mobile Unit | I49: Alnoor Hospital | J49: ER | K49: Walk-in | L49: Technical | M49: Prescription issue | O49: 2025-06-14 | P49: 2 hours | Q49: -1 | R49: 2025-06-11 | S49: Open | T49: Critical | U49: 0 | V49: Hassan | W49: Referred | X49: 1 | Y49: No | Z49: تأخير في الخدمة | AA49: 10 | AB49: No
A50: TCK-1048 | B50: P-871 | D50: ~30 | E50: m | F50: Iraq | G50: Mosul | H50: Mobile Unit | I50: Al Noor Hosp. | J50: Billing | K50: Email | L50: Admin | M50: Missing record | N50: الخدمة سيئة | O50: 23/04/2025 | P50: 45 | Q50: 5 hours | S50: Pending | T50: High | U50: 0 | V50: John | W50: Solved | X50: 4 | AA50: 20 | AB50: No
A51: 1049 | D51: unknown | E51: Male | F51: Iraq | G51: Baghdad | H51: Mobile Unit | I51: HealthPlus | J51: Billing | K51: Phone | L51: Complaint | M51: Missing record | N51: billing not clear | O51: 13/06/2025 | P51: 45 | Q51: 48 | R51: 2025-06-23 | S51: Closed | T51: Critical | U51: 0 | V51: Omar | W51: Solved | X51: 2 | Y51: Y | AA51: 50 | AB51: No
A52: TCK-1050 | B52: P-687 | D52: unknown | E52: m | F52: Lebanon | G52: Bekaa | H52: Clinic | I52: Al Noor Hosp. | J52: ER | K52: WhatsApp | L52: Admin | M52: Wrong appointment | N52: billing not clear | O52: 04-10-25 | P52: 30 min | Q52: 1 day | S52: Closed | T52: High | U52: 3 | V52: Lina | W52: Solved | X52: 2 | Y52: Yes | Z52: مشكلة في الفاتورة | AA52: ~30 | AB52: Yes
A53: 1051 | B53: P-971 | D53: 66 | E53: Male | F53: Egypt | G53: Cairo | H53: Clinic | I53: Alnoor Hospital | J53: Pharmacy | K53: Email | L53: Complaint | M53: Prescription issue | N53: billing not clear | O53: 05-22-25 | P53: 45 | Q53: -1 | R53: 2025-05-22 | S53: Open | T53: High | U53: 3 | V53: Fatima | W53: Dropped | X53: bad | Y53: N | AA53: 100 USD | AB53: Yes
A54: TCK-1052 | B54: P-999 | D54: 65 | E54: Male | F54: Jordan | G54: Zarqa | H54: Clinic | I54: Care Clinic | J54: Pharmacy | K54: WhatsApp | L54: Medical | M54: Missing record | O54: 27/02/2025 | P54: 45 | Q54: 2h | S54: Closed | T54: High | U54: Level 1 | W54: Solved | X54: 5 | Y54: No | AA54: 100 USD | AB54: Yes
A55: TCK-1053 | D55: ~30 | E55: Male | F55: Jordan | G55: Irbid | H55: Pharmacy | I55: Care Clinic | J55: Billing | K55: Email | L55: Inquiry | M55: Missing record | N55: مشكلة في الفاتورة | O55: 14/04/2025 | P55: 2 hours | Q55: 2h | R55: 2025-06-26 | S55: Escalated | T55: Critical | U55: 3 | V55: Fatima | W55: Referred | X55: 3 | Z55: good service | AA55: 20 | AB55: No
A56: tk_1054 | B56: P-675 | C56: V-6228 | D56: 60 | E56: m | F56: Iraq | G56: Mosul | H56: Pharmacy | I56: Alnoor Hospital | J56: Pharmacy | K56: Phone | L56: Complaint | M56: Prescription issue | O56: 04-09-25 | P56: 2 hours | Q56: 5 hours | S56: Closed | T56: Medium | U56: 3 | W56: Dropped | X56: 4 | Y56: Y | AA56: ~30 | AB56: Yes
A57: TCK-1055 | D57: ~30 | E57: Male | F57: Lebanon | G57: Saida | H57: Hospital | I57: HealthPlus | J57: Pharmacy | K57: Walk-in | L57: Medical | M57: System down | N57: need help | O57: 2025-04-04 | P57: 2 hours | Q57: 2h | R57: 05-26-25 | S57: Pending | T57: High | U57: 0 | V57: John | W57: Dropped | X57: bad | AA57: 50 | AB57: Yes
A58: TCK-1056 | C58: V-9193 | D58: 6 | E58: Female | F58: Jordan | G58: Amman | H58: Mobile Unit | I58: HealthPlus | J58: Reception | K58: Email | L58: Inquiry | M58: Wrong appointment | N58: billing not clear | O58: 2025-05-12 | P58: 45 | Q58: 48 | S58: Resolved | T58: High | U58: Level 1 | V58: Maya | W58: Dropped | X58: good | AA58: 50 | AB58: No
A59: tk_1057 | B59: P-993 | D59: ~30 | E59: fem | F59: Lebanon | G59: Tripoli | H59: Clinic | I59: Al Noor Hosp. | J59: Reception | K59: Email | L59: Inquiry | M59: Wrong appointment | N59: waiting too long | O59: 06-11-25 | P59: 2 hours | Q59: 5 hours | R59: 2025-06-24 | S59: Resolved | T59: Low | U59: 1 | V59: Ali | W59: Dropped | X59: 3 | Y59: N | AA59: 20 | AB59: No
A60: tk_1058 | D60: 41 | E60: F | F60: Jordan | G60: Zarqa | H60: Mobile Unit | I60: Care Clinic | J60: Billing | K60: Web | L60: Admin | M60: Long wait time | N60: waiting too long | O60: 05/03/2025 | P60: 45 | Q60: 5 hours | R60: 18/03/2025 | S60: resloved | T60: Critical | U60: 2 | V60: Fatima | W60: Duplicate | X60: 5 | Y60: Y | Z60: bad experience | AA60: 50 | AB60: Yes
A61: 1059 | B61: P-831 | D61: unknown | E61: F | F61: Egypt | G61: Giza | H61: Clinic | I61: Alnoor Hospital | J61: Reception | K61: Walk-in | L61: Technical | M61: Missing record | N61: need help | O61: 2025-03-11 | P61: 30 min | Q61: 48 | R61: 2025-05-31 | S61: Open | T61: Medium | U61: 1 | V61: Ali | W61: Solved | X61: 4 | Y61: Y | Z61: good service | AA61: ~30 | AB61: Yes
A62: tk_1060 | D62: 83 | E62: Male | F62: Jordan | G62: Amman | H62: Clinic | I62: Al Noor Hosp. | J62: Pharmacy | K62: Email | L62: Inquiry | M62: Billing error | O62: 12/04/2025 | P62: 1h | Q62: 1 day | S62: Resolved | T62: Low | U62: 2 | V62: Hassan | W62: Dropped | X62: good | Z62: الخدمة سيئة | AA62: 100 USD | AB62: No
A63: 1061 | C63: V-5215 | D63: ~30 | E63: m | F63: Jordan | G63: Irbid | H63: Mobile Unit | I63: Alnoor Hospital | J63: Pharmacy | K63: Web | L63: Admin | M63: System down | N63: billing not clear | O63: 12/05/2025 | P63: 30 min | Q63: -1 | R63: 2025-06-21 | S63: Closed | T63: Critical | U63: 2 | V63: Lina | W63: Solved | X63: 3 | Y63: N | Z63: good service | AA63: 20 | AB63: No
A64: tk_1062 | B64: P-468 | C64: V-2017 | D64: unknown | E64: Female | F64: Iraq | G64: Basra | H64: Pharmacy | I64: Care Clinic | J64: ER | K64: Walk-in | L64: Medical | M64: Wrong appointment | N64: مشكلة في الفاتورة | O64: 2025-02-26 | P64: 1h | Q64: -1 | S64: Escalated | T64: Critical | U64: Level 1 | V64: Lina | W64: Referred | X64: good | AA64: 10 | AB64: No
A65: TCK-1063 | C65: V-2904 | D65: unknown | E65: Male | F65: Iraq | G65: Baghdad | H65: Pharmacy | I65: Al Noor Hosp. | J65: Lab | K65: WhatsApp | L65: Technical | M65: System down | N65: waiting too long | O65: 04-27-25 | P65: 30 min | Q65: 48 | S65: resloved | T65: Low | U65: 3 | V65: Hassan | W65: Solved | X65: good | Y65: No | Z65: bad experience | AA65: 100 USD | AB65: Yes
A66: 1064 | C66: V-7698 | D66: ~30 | E66: F | F66: Lebanon | G66: Saida | H66: Mobile Unit | I66: HealthPlus | J66: Lab | K66: Email | L66: Admin | M66: Billing error | N66: waiting too long | O66: 06-24-25 | P66: 1h | Q66: 1 day | S66: Resolved | T66: Medium | U66: 1 | V66: Ali | W66: Solved | X66: 3 | Y66: N | Z66: good service | AA66: 100 USD | AB66: No
A67: 1065 | B67: P-293 | D67: 79 | E67: Female | F67: Egypt | G67: Cairo | H67: Clinic | I67: Al Noor Hosp. | J67: ER | K67: Web | L67: Complaint | M67: System down | O67: 06-03-25 | P67: 30 min | Q67: 5 hours | S67: Closed | T67: Medium | U67: 0 | V67: Omar | W67: Duplicate | X67: 2 | Z67: bad experience | AA67: 50 | AB67: No
A68: 1066 | B68: P-381 | D68: unknown | E68: Male | F68: Jordan | G68: Zarqa | H68: Mobile Unit | I68: HealthPlus | J68: Reception | K68: Walk-in | L68: Admin | M68: System down | N68: الدكتور لم يحضر | O68: 08/02/2025 | P68: 2 hours | Q68: 5 hours | R68: 18/05/2025 | S68: pendng | T68: Medium | U68: 2 | V68: Omar | W68: Dropped | X68: 1 | Z68: الدكتور لم يحضر | AA68: ~30 | AB68: No
A69: tk_1067 | C69: V-7079 | D69: ~30 | E69: Female | F69: Jordan | G69: Zarqa | H69: Hospital | I69: Care Clinic | J69: Lab | K69: Web | L69: Technical | M69: Billing error | N69: billing not clear | O69: 2025-01-19 | P69: 1h | Q69: -1 | S69: Open | T69: Medium | U69: 1 | V69: Sara | W69: Dropped | X69: 2 | AA69: 20 | AB69: No
A70: tk_1068 | D70: ~30 | E70: F | F70: Jordan | G70: Irbid | H70: Pharmacy | I70: Al Noor Hosp. | J70: Lab | K70: Walk-in | L70: Inquiry | M70: Prescription issue | N70: billing not clear | O70: 22/03/2025 | P70: 30 min | Q70: 48 | R70: 02-26-25 | S70: Open | T70: High | U70: Level 1 | V70: John | W70: Duplicate | X70: 2 | Y70: No | Z70: الخدمة سيئة | AA70: 50 | AB70: Yes
A71: 1069 | C71: V-8550 | D71: 46 | E71: Female | F71: Egypt | G71: Alexandria | H71: Pharmacy | I71: Alnoor Hospital | J71: Reception | K71: Phone | L71: Technical | M71: Billing error | O71: 01-20-25 | P71: 30 min | Q71: 2h | R71: 2025-04-16 | S71: Open | T71: Medium | U71: 0 | V71: Lina | W71: Dropped | X71: 3 | Y71: Yes | AA71: 100 USD | AB71: No
A72: TCK-1070 | D72: ~30 | E72: F | F72: Egypt | G72: Cairo | H72: Clinic | I72: Al Noor Hosp. | J72: ER | K72: Web | L72: Inquiry | M72: Long wait time | N72: تأخير في الخدمة | O72: 02-19-25 | P72: 45 | Q72: 1 day | R72: 10/03/2025 | S72: Pending | T72: Critical | U72: 3 | V72: Lina | W72: Referred | X72: 3 | Y72: Yes | Z72: good service | AA72: 10 | AB72: Yes
A73: tk_1071 | B73: P-109 | D73: ~30 | E73: m | F73: Egypt | G73: Giza | H73: Hospital | I73: Al Noor Hosp. | J73: Pharmacy | K73: WhatsApp | L73: Technical | M73: System down | N73: الخدمة سيئة | O73: 2025-03-11 | P73: 30 min | Q73: 1 day | R73: 05-20-25 | S73: Closed | T73: High | U73: 0 | V73: Lina | W73: Referred | X73: bad | Y73: N | Z73: good service | AA73: 10 | AB73: No
A74: 1072 | B74: P-873 | D74: 7 | E74: F | F74: Jordan | G74: Irbid | H74: Clinic | I74: Al Noor Hosp. | J74: Billing | K74: Web | L74: Technical | M74: Wrong appointment | N74: الدكتور لم يحضر | O74: 12/04/2025 | P74: 30 min | Q74: 1 day | R74: 26/04/2025 | S74: Pending | T74: Critical | U74: 3 | V74: Omar | W74: Dropped | X74: 1 | AA74: 50 | AB74: Yes
A75: tk_1073 | C75: V-6909 | D75: 12 | E75: m | F75: Lebanon | G75: Beirut | H75: Pharmacy | I75: Care Clinic | J75: Billing | K75: Phone | L75: Inquiry | M75: Billing error | N75: need help | O75: 17/02/2025 | P75: 2 hours | Q75: 48 | S75: Open | T75: Low | U75: 0 | V75: Maya | W75: Solved | X75: 5 | Z75: bad experience | AA75: 50 | AB75: No
A76: tk_1074 | B76: P-633 | C76: V-7237 | D76: unknown | E76: m | F76: Lebanon | G76: Tripoli | H76: Mobile Unit | I76: HealthPlus | J76: Pharmacy | K76: Phone | L76: Inquiry | M76: System down | O76: 12/03/2025 | P76: 45 | Q76: -1 | S76: Closed | T76: Critical | U76: Level 1 | V76: Lina | W76: Dropped | X76: 1 | Y76: No | Z76: bad experience | AA76: 50 | AB76: Yes
A77: 1075 | B77: P-935 | D77: ~30 | E77: Female | F77: Egypt | G77: Giza | H77: Pharmacy | I77: Care Clinic | J77: Pharmacy | K77: Email | L77: Medical | M77: Prescription issue | N77: billing not clear | O77: 06-27-25 | P77: 2 hours | Q77: 48 | S77: Pending | T77: Critical | U77: 2 | V77: Sara | W77: Referred | X77: 5 | AA77: 20 | AB77: Yes
A78: 1076 | D78: unknown | E78: Female | F78: Egypt | G78: Alexandria | H78: Pharmacy | I78: HealthPlus | J78: ER | K78: Email | L78: Technical | M78: System down | O78: 30/05/2025 | P78: 2 hours | Q78: 48 | R78: 10/01/2025 | S78: Open | T78: Medium | U78: 2 | V78: Omar | W78: Solved | X78: 5 | Y78: N | Z78: good service | AA78: 50 | AB78: No
A79: 1077 | C79: V-8586 | D79: 45 | E79: F | F79: Lebanon | G79: Beirut | H79: Hospital | I79: Care Clinic | J79: Lab | K79: Phone | L79: Complaint | M79: Missing record | N79: billing not clear | O79: 06/02/2025 | P79: 45 | Q79: 1 day | S79: Pending | T79: Critical | U79: 0 | V79: Fatima | W79: Dropped | X79: 3 | Y79: Yes | Z79: bad experience | AA79: 50 | AB79: Yes
A80: tk_1078 | B80: P-278 | D80: 60 | E80: F | F80: Lebanon | G80: Beirut | H80: Clinic | I80: Alnoor Hospital | J80: Lab | K80: Email | L80: Complaint | M80: Missing record | N80: waiting too long | O80: 2025-06-07 | P80: 2 hours | Q80: 48 | R80: 20/04/2025 | S80: resloved | T80: Medium | U80: 1 | V80: Hassan | W80: Solved | X80: 5 | Y80: Yes | Z80: bad experience | AA80: 100 USD | AB80: Yes
A81: tk_1079 | D81: unknown | E81: fem | F81: Iraq | G81: Basra | H81: Pharmacy | I81: Al Noor Hosp. | J81: Billing | K81: Walk-in | L81: Admin | M81: Wrong appointment | O81: 02-14-25 | P81: 45 | Q81: 48 | R81: 2025-06-01 | S81: Pending | T81: Low | U81: 1 | V81: Hassan | W81: Solved | X81: 2 | Y81: Y | AA81: 20 | AB81: No
A82: TCK-1080 | B82: P-598 | D82: 37 | E82: Female | F82: Egypt | G82: Alexandria | H82: Mobile Unit | I82: HealthPlus | J82: Reception | K82: Phone | L82: Medical | M82: Billing error | N82: الدكتور لم يحضر | O82: 2025-05-05 | P82: 1h | Q82: -1 | S82: Escalated | T82: Critical | U82: 3 | V82: Fatima | W82: Dropped | X82: 2 | Y82: Yes | Z82: الخدمة سيئة | AA82: 100 USD | AB82: Yes
A83: TCK-1081 | C83: V-9115 | D83: 74 | E83: m | F83: Jordan | G83: Zarqa | H83: Mobile Unit | I83: Al Noor Hosp. | J83: Lab | K83: Web | L83: Inquiry | M83: System down | N83: billing not clear | O83: 01-27-25 | P83: 1h | Q83: 1 day | S83: Pending | T83: Low | U83: 3 | V83: Sara | W83: Referred | X83: 2 | AA83: 50 | AB83: No
A84: tk_1082 | C84: V-9827 | D84: ~30 | E84: m | F84: Jordan | G84: Irbid | H84: Mobile Unit | I84: Care Clinic | J84: Reception | K84: Phone | L84: Inquiry | M84: System down | N84: need help | O84: 16/01/2025 | P84: 1h | Q84: 5 hours | S84: pendng | T84: Medium | U84: 3 | V84: Fatima | W84: Referred | X84: 5 | Y84: Y | Z84: good service | AA84: ~30 | AB84: No
A85: 1083 | C85: V-1040 | D85: ~30 | E85: m | F85: Egypt | G85: Cairo | H85: Hospital | I85: HealthPlus | J85: Pharmacy | K85: Email | L85: Inquiry | M85: System down | O85: 10/03/2025 | P85: 45 | Q85: 1 day | R85: 05-21-25 | S85: Resolved | T85: Critical | U85: 2 | V85: Ali | W85: Solved | X85: 1 | Y85: N | AA85: 10 | AB85: Yes
A86: tk_1084 | D86: ~30 | E86: m | F86: Jordan | G86: Zarqa | H86: Mobile Unit | I86: Al Noor Hosp. | J86: Billing | K86: WhatsApp | L86: Complaint | M86: System down | N86: waiting too long | O86: 10/06/2025 | P86: 1h | Q86: -1 | R86: 2025-06-17 | S86: Open | T86: Medium | U86: 3 | V86: Sara | W86: Referred | X86: 5 | Y86: No | Z86: bad experience | AA86: 100 USD | AB86: No
A87: 1085 | B87: P-172 | C87: V-7276 | D87: 14 | E87: m | F87: Lebanon | G87: Beirut | H87: Mobile Unit | I87: Care Clinic | J87: Pharmacy | K87: Email | L87: Inquiry | M87: Missing record | N87: waiting too long | O87: 2025-06-23 | P87: 30 min | Q87: 48 | R87: 2025-05-25 | S87: Escalated | T87: High | U87: 1 | V87: Omar | W87: Dropped | X87: 5 | Y87: N | Z87: bad experience | AA87: 20 | AB87: Yes
A88: 1086 | B88: P-422 | D88: 83 | E88: Female | F88: Lebanon | G88: Bekaa | H88: Mobile Unit | I88: Al Noor Hosp. | J88: Billing | K88: WhatsApp | L88: Technical | M88: Wrong appointment | N88: تأخير في الخدمة | O88: 2025-05-11 | P88: 2 hours | Q88: 1 day | R88: 2025-06-15 | S88: Escalated | T88: Critical | U88: 0 | V88: Lina | W88: Dropped | X88: good | AA88: 10 | AB88: Yes
A89: tk_1087 | B89: P-799 | C89: V-8717 | D89: ~30 | E89: Male | F89: Iraq | G89: Basra | H89: Hospital | I89: Care Clinic | J89: Pharmacy | K89: Phone | L89: Complaint | M89: System down | O89: 10/05/2025 | P89: 2 hours | Q89: -1 | R89: 29/06/2025 | S89: resloved | T89: Medium | U89: 2 | V89: Sara | W89: Duplicate | X89: 1 | AA89: 20 | AB89: Yes
A90: TCK-1088 | B90: P-350 | C90: V-8118 | D90: ~30 | E90: fem | F90: Iraq | G90: Basra | H90: Hospital | I90: Care Clinic | J90: Pharmacy | K90: Phone | L90: Complaint | M90: Missing record | N90: billing not clear | O90: 02-05-25 | P90: 30 min | Q90: 5 hours | S90: Closed | T90: High | U90: 1 | V90: Hassan | W90: Solved | X90: bad | Y90: Yes | Z90: bad experience | AA90: 50 | AB90: No
A91: 1089 | D91: 73 | E91: m | F91: Iraq | G91: Mosul | H91: Clinic | I91: Care Clinic | J91: ER | K91: Web | L91: Complaint | M91: Long wait time | N91: billing not clear | O91: 2025-05-11 | P91: 30 min | Q91: 2h | S91: Pending | T91: Critical | U91: 1 | V91: Omar | W91: Solved | X91: 5 | Y91: N | Z91: تأخير في الخدمة | AA91: 20 | AB91: No
A92: TCK-1090 | B92: P-614 | C92: V-3938 | D92: 67 | E92: F | F92: Jordan | G92: Zarqa | H92: Hospital | I92: HealthPlus | J92: Billing | K92: Walk-in | L92: Medical | M92: Billing error | N92: billing not clear | O92: 22/05/2025 | P92: 30 min | Q92: 1 day | S92: resloved | T92: Medium | U92: 3 | V92: Maya | W92: Dropped | X92: bad | Y92: No | AA92: 100 USD | AB92: Yes
A93: tk_1091 | B93: P-959 | C93: V-6488 | D93: unknown | E93: m | F93: Jordan | G93: Amman | H93: Hospital | I93: Alnoor Hospital | J93: Reception | K93: WhatsApp | L93: Admin | M93: System down | N93: waiting too long | O93: 2025-01-16 | P93: 45 | Q93: 2h | S93: resloved | T93: High | U93: 3 | V93: Sara | W93: Solved | X93: 5 | Y93: No | AA93: ~30 | AB93: Yes
A94: 1092 | D94: unknown | E94: Female | F94: Lebanon | G94: Saida | H94: Hospital | I94: Alnoor Hospital | J94: Pharmacy | K94: Web | L94: Complaint | M94: Long wait time | N94: need help | O94: 2025-01-28 | P94: 2 hours | Q94: -1 | R94: 22/03/2025 | S94: Resolved | T94: High | U94: 1 | V94: Fatima | W94: Duplicate | X94: 4 | Y94: Y | AA94: 10 | AB94: Yes
A95: 1093 | B95: P-251 | D95: ~30 | E95: Male | F95: Jordan | G95: Irbid | H95: Mobile Unit | I95: Care Clinic | J95: Pharmacy | K95: Phone | L95: Admin | M95: System down | N95: مشكلة في الفاتورة | O95: 05-23-25 | P95: 1h | Q95: 2h | R95: 2025-04-29 | S95: Open | T95: Low | U95: 0 | V95: Lina | W95: Referred | X95: 2 | Y95: N | Z95: bad experience | AA95: 50 | AB95: Yes
A96: TCK-1094 | C96: V-3007 | D96: 60 | E96: Female | F96: Iraq | G96: Baghdad | H96: Pharmacy | I96: HealthPlus | J96: Lab | K96: Phone | L96: Admin | M96: Missing record | N96: waiting too long | O96: 2025-04-20 | P96: 45 | Q96: 5 hours | S96: Escalated | T96: Medium | U96: 0 | V96: Lina | W96: Duplicate | X96: 4 | Y96: N | Z96: الدكتور لم يحضر | AA96: 100 USD | AB96: No
A97: TCK-1095 | B97: P-758 | C97: V-9907 | D97: ~30 | E97: m | F97: Lebanon | G97: Beirut | H97: Pharmacy | I97: HealthPlus | J97: Billing | K97: Web | L97: Technical | M97: Prescription issue | O97: 10/04/2025 | P97: 1h | Q97: 2h | R97: 03-23-25 | S97: Open | T97: High | U97: 0 | V97: Fatima | W97: Duplicate | X97: bad | Z97: الدكتور لم يحضر | AA97: 20 | AB97: Yes
A98: tk_1096 | C98: V-6813 | D98: 23 | E98: fem | F98: Lebanon | G98: Bekaa | H98: Mobile Unit | I98: Care Clinic | J98: Reception | K98: Phone | L98: Medical | M98: Wrong appointment | N98: billing not clear | O98: 2025-05-25 | P98: 1h | Q98: -1 | R98: 19/05/2025 | S98: Escalated | T98: Low | U98: 0 | V98: Ali | W98: Referred | X98: 5 | Y98: No | Z98: bad experience | AA98: 10 | AB98: No
A99: 1097 | B99: P-160 | C99: V-3420 | D99: ~30 | E99: m | F99: Lebanon | G99: Tripoli | H99: Hospital | I99: Care Clinic | J99: Lab | K99: Web | L99: Complaint | M99: Prescription issue | N99: need help | O99: 19/03/2025 | P99: 1h | Q99: 5 hours | S99: resloved | T99: High | U99: 1 | W99: Duplicate | X99: 2 | Z99: bad experience | AA99: 20 | AB99: No
A100: tk_1098 | C100: V-1530 | D100: unknown | E100: fem | F100: Iraq | G100: Mosul | H100: Clinic | I100: Al Noor Hosp. | J100: Lab | K100: WhatsApp | L100: Medical | M100: Missing record | N100: need help | O100: 2025-01-20 | P100: 45 | Q100: 1 day | R100: 02-12-25 | S100: pendng | T100: High | U100: 3 | V100: Ali | W100: Duplicate | X100: 2 | Y100: No | Z100: good service | AA100: 10 | AB100: No
...

Sheet Clean Data
A1: Ticket_ID | B1: Ticket_ID_Clean | C1: Patient_ID | D1: Visit_ID | E1: Patient_Age | F1: Patient_Age_Clean | G1: Gender | H1: Country | I1: Location | J1: Facility_Type | K1: Facility_Name | L1: Facility_Name_Clean | M1: Department | N1: Ticket_Channel | O1: Issue_Category | P1: Issue_Subcategory | Q1: Ticket_Description | R1: Ticket_Description - Clean | S1: Created_Date | T1: Create_Date_Format | U1: Created_Date_ISO | V1: First_Response_Time | W1: First_Response_Time - Clean | X1: Resolution_Time | Y1: Resolution_Time - Clean | Z1: Resolved_Date | AA1: Resolved_Date_Format | AB1: Resolved_Date_ISO | AC1: Status | AD1: Priority | AE1: Escalation_Level | AF1: Escalation_Level - Clean | AG1: Assigned_To | AH1: Resolution_Type | AI1: Patient_Satisfaction | AJ1: Patient_Satisfaction_Categories | AK1: Complaint_Flag | AL1: Feedback_Comment | AM1: Feedback_Comment_Clean | AN1: Cost_Estimate_USD | AO1: Cost_Estimate_USD - Clean | AP1: Refund_Required | AQ1: Resolved_Date_Status_Check | AR1: Resolution_Time_Status_Check | AS1: Status_Resolution_Type_Check | AT1: Priority_Escaltion_Level_Check | AU1: Ticket_Status_Technician_Assignment_Check | AV1: Invalid Date Order | AW1: Resolution_Time_Analysis | AX1: Age_Groups | AY1: First_Response_Groups | AZ1: Resolution_Time_Groups | BA1: Cost_Estimate_Groups
A2: tk_1000 | B2: TCK-1000 | C2: P-204 | D2: V-7912 | E2: 4 | F2: 4 | G2: Female | H2: Lebanon | I2: Beirut | J2: Clinic | K2: Al Noor Hosp. | L2: Al Noor Hospital | M2: Reception | N2: WhatsApp | O2: Technical | P2: System down | Q2: need help | R2: Need Help | S2: 26/02/2025 | T2: DD/MM/YYYY | U2: 45714 | V2: 45 | W2: 45 | X2: 2h | Y2: 2 | AC2: Pending | AD2: High | AE2: 1 | AF2: 1 | AG2: Lina | AH2: Duplicate | AI2: 1 | AJ2: Bad | AK2: Yes | AL2: bad experience | AN2: ~30 | AO2: 30 | AP2: Yes | AQ2: OK | AR2: Resolution Time Exists Before Closure | AS2: Duplicate Ticket Still Active | AT2: OK | AU2: OK | AX2: 0–17 | AY2: 30–45 min | BA2: $10–30
A3: 1001 | B3: TCK-1001 | D3: V-6925 | E3: 9 | F3: 9 | G3: Female | H3: Iraq | I3: Basra | J3: Mobile Unit | K3: Al Noor Hosp. | L3: Al Noor Hospital | M3: Pharmacy | N3: Phone | O3: Admin | P3: Prescription issue | Q3: waiting too long | R3: Long Wait Time | S3: 04-27-25 | T3: MM-DD-YY | U3: 45774 | V3: 45 | W3: 45 | X3: 5 hours | Y3: 5 | Z3: 05/04/2025 | AA3: DD/MM/YYYY | AB3: 45752 | AC3: Resolved | AD3: High | AE3: 0 | AF3: 0 | AG3: Omar | AH3: Referred | AI3: 2 | AJ3: Bad | AK3: No | AL3: good service | AM3: Positive Feedback | AN3: ~30 | AO3: 30 | AP3: No | AQ3: OK | AR3: OK | AS3: OK | AT3: Review | AU3: OK | AV3: Yes | AW3: 5 | AX3: 0–17 | AY3: 30–45 min | AZ3: 5–8 hrs | BA3: $10–30
A4: 1002 | B4: TCK-1002 | D4: V-2084 | E4: ~30 | F4: 30 | G4: Male | H4: Jordan | I4: Irbid | J4: Clinic | K4: HealthPlus | L4: HealthPlus | M4: Lab | N4: Email | O4: Inquiry | P4: Prescription issue | Q4: waiting too long | R4: Long Wait Time | S4: 2025-02-05 | T4: YYYY-MM-DD | U4: 45693 | V4: 45 | W4: 45 | X4: 48 | Y4: 48 | AC4: Pending | AD4: Medium | AE4: 1 | AF4: 1 | AH4: Dropped | AI4: 1 | AJ4: Bad | AK4: Yes | AL4: good service | AM4: Positive Feedback | AN4: 10 | AO4: 10 | AP4: Yes | AQ4: OK | AR4: Resolution Time Exists Before Closure | AS4: Dropped Ticket Still Active | AT4: OK | AU4: OK | AX4: 18–35 | AY4: 30–45 min | BA4: $10–30
A5: 1003 | B5: TCK-1003 | E5: 71 | F5: 71 | G5: Male | H5: Jordan | I5: Irbid | J5: Mobile Unit | K5: Care Clinic | L5: Care Clinic | M5: ER | N5: Walk-in | O5: Admin | P5: Long wait time | Q5: الخدمة سيئة | R5: Poor Service | S5: 2025-04-27 | T5: YYYY-MM-DD | U5: 45774 | V5: 45 | W5: 45 | X5: 48 | Y5: 48 | Z5: 02-15-25 | AA5: MM-DD-YY | AB5: 45703 | AC5: Pending | AD5: High | AE5: Level 1 | AF5: 1 | AG5: Lina | AH5: Referred | AI5: 3 | AJ5: Neutral | AK5: No | AL5: تأخير في الخدمة | AM5: Service Delay | AN5: 100 USD | AO5: 100 | AP5: Yes | AQ5: Status Mismatch | AR5: Resolution Time Exists Before Closure | AS5: OK | AT5: OK | AU5: OK | AV5: Yes | AX5: 66+ | AY5: 30–45 min | BA5: $61–100
A6: TCK-1004 | B6: TCK-1004 | C6: P-159 | D6: V-2290 | E6: 63 | F6: 63 | G6: Female | H6: Iraq | I6: Basra | J6: Clinic | K6: Alnoor Hospital | L6: Al Noor Hospital | M6: Lab | N6: Web | O6: Inquiry | P6: Prescription issue | Q6: waiting too long | R6: Long Wait Time | S6: 05-16-25 | T6: MM-DD-YY | U6: 45793 | V6: 2 hours | W6: 120 | X6: 5 hours | Y6: 5 | Z6: 05-19-25 | AA6: MM-DD-YY | AB6: 45796 | AC6: Resolved | AD6: High | AE6: 3 | AF6: 3 | AG6: Maya | AH6: Dropped | AI6: 5 | AJ6: Good | AK6: No | AN6: 10 | AO6: 10 | AP6: Yes | AQ6: OK | AR6: OK | AS6: OK | AT6: OK | AU6: OK | AV6: No | AW6: 5 | AX6: 51–65 | AY6: 91–120 min | AZ6: 5–8 hrs | BA6: $10–30
A7: TCK-1005 | B7: TCK-1005 | C7: P-172 | D7: V-4750 | E7: unknown | G7: Male | H7: Jordan | I7: Amman | J7: Clinic | K7: Care Clinic | L7: Care Clinic | M7: Lab | N7: WhatsApp | O7: Technical | P7: Long wait time | Q7: waiting too long | R7: Long Wait Time | S7: 05-27-25 | T7: MM-DD-YY | U7: 45804 | V7: 2 hours | W7: 120 | X7: 5 hours | Y7: 5 | Z7: 02/05/2025 | AA7: DD/MM/YYYY | AB7: 45779 | AC7: Open | AD7: Low | AE7: 3 | AF7: 3 | AG7: Maya | AH7: Dropped | AI7: 4 | AJ7: Good | AK7: No | AL7: bad experience | AN7: 10 | AO7: 10 | AP7: Yes | AQ7: Status Mismatch | AR7: Resolution Time Exists Before Closure | AS7: Dropped Ticket Still Active | AT7: Review | AU7: OK | AV7: Yes | AY7: 91–120 min | BA7: $10–30
A8: TCK-1006 | B8: TCK-1006 | E8: unknown | G8: Female | H8: Lebanon | I8: Saida | J8: Clinic | K8: Al Noor Hosp. | L8: Al Noor Hospital | M8: Lab | N8: Web | O8: Complaint | P8: Billing error | Q8: waiting too long | R8: Long Wait Time | S8: 06-16-25 | T8: MM-DD-YY | U8: 45824 | V8: 30 min | W8: 30 | X8: 2h | Y8: 2 | AC8: Escalated | AD8: Critical | AE8: 1 | AF8: 1 | AG8: John | AH8: Solved | AI8: 2 | AJ8: Bad | AK8: No | AL8: bad experience | AN8: 10 | AO8: 10 | AP8: No | AQ8: OK | AR8: Resolution Time Exists Before Closure | AS8: Solved Ticket Still Active | AT8: OK | AU8: OK | AY8: 30–45 min | BA8: $10–30
A9: TCK-1007 | B9: TCK-1007 | C9: P-403 | D9: V-1958 | E9: 41 | F9: 41 | G9: Male | H9: Iraq | I9: Basra | J9: Pharmacy | K9: Alnoor Hospital | L9: Al Noor Hospital | M9: ER | N9: Web | O9: Complaint | P9: Long wait time | S9: 01-18-25 | T9: MM-DD-YY | U9: 45675 | V9: 30 min | W9: 30 | X9: 5 hours | Y9: 5 | Z9: 2025-04-14 | AA9: YYYY-MM-DD | AB9: 45761 | AC9: Resolved | AD9: Low | AE9: Level 1 | AF9: 1 | AG9: Sara | AH9: Dropped | AI9: good | AJ9: Good | AL9: bad experience | AN9: 100 USD | AO9: 100 | AP9: No | AQ9: OK | AR9: OK | AS9: OK | AT9: OK | AU9: OK | AV9: No | AW9: 5 | AX9: 36–50 | AY9: 30–45 min | AZ9: 5–8 hrs | BA9: $61–100
A10: TCK-1008 | B10: TCK-1008 | E10: 10 | F10: 10 | G10: Female | H10: Iraq | I10: Baghdad | J10: Hospital | K10: Al Noor Hosp. | L10: Al Noor Hospital | M10: Reception | N10: WhatsApp | O10: Technical | P10: Prescription issue | Q10: need help | R10: Need Help | S10: 03/02/2025 | T10: DD/MM/YYYY | U10: 45691 | V10: 30 min | W10: 30 | X10: 5 hours | Y10: 5 | Z10: 05/04/2025 | AA10: DD/MM/YYYY | AB10: 45752 | AC10: Escalated | AD10: High | AE10: Level 1 | AF10: 1 | AH10: Solved | AI10: good | AJ10: Good | AL10: مشكلة في الفاتورة | AM10: Billing Issue | AN10: 50 | AO10: 50 | AP10: Yes | AQ10: Status Mismatch | AR10: Resolution Time Exists Before Closure | AS10: Solved Ticket Still Active | AT10: OK | AU10: Review | AV10: No | AX10: 0–17 | AY10: 30–45 min | BA10: $31–60
A11: 1009 | B11: TCK-1009 | C11: P-719 | D11: V-6617 | E11: ~30 | F11: 30 | G11: Male | H11: Jordan | I11: Zarqa | J11: Pharmacy | K11: Care Clinic | L11: Care Clinic | M11: ER | N11: Phone | O11: Admin | P11: Prescription issue | Q11: waiting too long | R11: Long Wait Time | S11: 2025-01-12 | T11: YYYY-MM-DD | U11: 45669 | V11: 45 | W11: 45 | X11: 5 hours | Y11: 5 | Z11: 13/06/2025 | AA11: DD/MM/YYYY | AB11: 45821 | AC11: Resolved | AD11: Critical | AE11: Level 1 | AF11: 1 | AG11: John | AH11: Solved | AI11: 1 | AJ11: Bad | AK11: Yes | AN11: 20 | AO11: 20 | AP11: Yes | AQ11: OK | AR11: OK | AS11: OK | AT11: OK | AU11: OK | AV11: No | AW11: 5 | AX11: 18–35 | AY11: 30–45 min | AZ11: 5–8 hrs | BA11: $10–30
A12: 1010 | B12: TCK-1010 | C12: P-473 | D12: V-6862 | E12: 88 | F12: 88 | G12: Male | H12: Iraq | I12: Mosul | J12: Mobile Unit | K12: HealthPlus | L12: HealthPlus | M12: Reception | N12: WhatsApp | O12: Inquiry | P12: Long wait time | S12: 15/02/2025 | T12: DD/MM/YYYY | U12: 45703 | V12: 30 min | W12: 30 | X12: 5 hours | Y12: 5 | Z12: 27/03/2025 | AA12: DD/MM/YYYY | AB12: 45743 | AC12: Pending | AD12: Medium | AE12: 0 | AF12: 0 | AG12: John | AH12: Solved | AI12: bad | AJ12: Good | AK12: No | AL12: good service | AM12: Positive Feedback | AN12: 20 | AO12: 20 | AP12: Yes | AQ12: Status Mismatch | AR12: Resolution Time Exists Before Closure | AS12: Solved Ticket Still Active | AT12: OK | AU12: OK | AV12: No | AX12: 66+ | AY12: 30–45 min | BA12: $10–30
A13: tk_1011 | B13: TCK-1011 | E13: unknown | G13: Male | H13: Egypt | I13: Giza | J13: Pharmacy | K13: Care Clinic | L13: Care Clinic | M13: ER | N13: Phone | O13: Medical | P13: Long wait time | Q13: need help | R13: Need Help | S13: 29/05/2025 | T13: DD/MM/YYYY | U13: 45806 | V13: 30 min | W13: 30 | X13: 2h | Y13: 2 | AC13: Resolved | AD13: High | AE13: 3 | AF13: 3 | AH13: Solved | AI13: 4 | AJ13: Good | AL13: good service | AM13: Positive Feedback | AN13: 20 | AO13: 20 | AP13: No | AQ13: Missing Resolved Date | AR13: OK | AS13: OK | AT13: OK | AU13: Review | AW13: 2 | AY13: 30–45 min | AZ13: ≤4 hrs | BA13: $10–30
A14: 1012 | B14: TCK-1012 | D14: V-6143 | E14: ~30 | F14: 30 | G14: Male | H14: Lebanon | I14: Saida | J14: Pharmacy | K14: Care Clinic | L14: Care Clinic | M14: Lab | N14: Walk-in | O14: Technical | P14: Long wait time | Q14: تأخير في الخدمة | R14: Service Delay | S14: 19/02/2025 | T14: DD/MM/YYYY | U14: 45707 | V14: 2 hours | W14: 120 | X14: 5 hours | Y14: 5 | AC14: Escalated | AD14: Low | AE14: 2 | AF14: 2 | AG14: Hassan | AH14: Referred | AI14: 4 | AJ14: Good | AN14: 100 USD | AO14: 100 | AP14: No | AQ14: OK | AR14: Resolution Time Exists Before Closure | AS14: OK | AT14: OK | AU14: OK | AX14: 18–35 | AY14: 91–120 min | BA14: $61–100
A15: tk_1013 | B15: TCK-1013 | E15: 12 | F15: 12 | G15: Male | H15: Egypt | I15: Giza | J15: Clinic | K15: Alnoor Hospital | L15: Al Noor Hospital | M15: Pharmacy | N15: Phone | O15: Complaint | P15: Long wait time | Q15: need help | R15: Need Help | S15: 05-02-25 | T15: MM-DD-YY | U15: 45779 | V15: 30 min | W15: 30 | X15: -1 | Z15: 04-17-25 | AA15: MM-DD-YY | AB15: 45764 | AC15: Resolved | AD15: Critical | AE15: 3 | AF15: 3 | AG15: John | AH15: Referred | AI15: 2 | AJ15: Bad | AK15: Yes | AL15: bad experience | AN15: 10 | AO15: 10 | AP15: No | AQ15: OK | AR15: Missing Resolution Time | AS15: OK | AT15: OK | AU15: OK | AV15: Yes | AX15: 0–17 | AY15: 30–45 min | BA15: $10–30
A16: 1014 | B16: TCK-1014 | E16: ~30 | F16: 30 | G16: Female | H16: Jordan | I16: Amman | J16: Pharmacy | K16: HealthPlus | L16: HealthPlus | M16: Pharmacy | N16: Email | O16: Admin | P16: Prescription issue | Q16: waiting too long | R16: Long Wait Time | S16: 03-05-25 | T16: MM-DD-YY | U16: 45721 | V16: 45 | W16: 45 | X16: 48 | Y16: 48 | Z16: 05-05-25 | AA16: MM-DD-YY | AB16: 45782 | AC16: Pending | AD16: Critical | AE16: 0 | AF16: 0 | AG16: Hassan | AH16: Referred | AI16: 3 | AJ16: Neutral | AK16: Yes | AL16: good service | AM16: Positive Feedback | AN16: 50 | AO16: 50 | AP16: Yes | AQ16: Status Mismatch | AR16: Resolution Time Exists Before Closure | AS16: OK | AT16: Review | AU16: OK | AV16: No | AX16: 18–35 | AY16: 30–45 min | BA16: $31–60
A17: TCK-1015 | B17: TCK-1015 | E17: 54 | F17: 54 | G17: Female | H17: Jordan | I17: Amman | J17: Pharmacy | K17: HealthPlus | L17: HealthPlus | M17: Reception | N17: Phone | O17: Technical | P17: System down | S17: 2025-05-03 | T17: YYYY-MM-DD | U17: 45780 | V17: 45 | W17: 45 | X17: 1 day | Y17: 24 | Z17: 10/04/2025 | AA17: DD/MM/YYYY | AB17: 45757 | AC17: Escalated | AD17: Medium | AE17: 2 | AF17: 2 | AG17: John | AH17: Dropped | AI17: 1 | AJ17: Bad | AK17: No | AL17: bad experience | AN17: 50 | AO17: 50 | AP17: No | AQ17: Status Mismatch | AR17: Resolution Time Exists Before Closure | AS17: Dropped Ticket Still Active | AT17: OK | AU17: OK | AV17: Yes | AX17: 51–65 | AY17: 30–45 min | BA17: $31–60
A18: tk_1016 | B18: TCK-1016 | C18: P-677 | E18: unknown | G18: Female | H18: Jordan | I18: Zarqa | J18: Hospital | K18: Care Clinic | L18: Care Clinic | M18: Lab | N18: Walk-in | O18: Inquiry | P18: System down | Q18: الدكتور لم يحضر | R18: Doctor Did Not Attend | S18: 25/03/2025 | T18: DD/MM/YYYY | U18: 45741 | V18: 2 hours | W18: 120 | X18: 1 day | Y18: 24 | Z18: 18/04/2025 | AA18: DD/MM/YYYY | AB18: 45765 | AC18: Escalated | AD18: Low | AE18: Level 1 | AF18: 1 | AG18: Ali | AH18: Duplicate | AI18: 2 | AJ18: Bad | AK18: Yes | AL18: تأخير في الخدمة | AM18: Service Delay | AN18: 10 | AO18: 10 | AP18: Yes | AQ18: Status Mismatch | AR18: Resolution Time Exists Before Closure | AS18: Duplicate Ticket Still Active | AT18: OK | AU18: OK | AV18: No | AY18: 91–120 min | BA18: $10–30
A19: TCK-1017 | B19: TCK-1017 | C19: P-584 | E19: unknown | G19: Male | H19: Jordan | I19: Amman | J19: Clinic | K19: Al Noor Hosp. | L19: Al Noor Hospital | M19: Pharmacy | N19: Walk-in | O19: Complaint | P19: Wrong appointment | Q19: تأخير في الخدمة | R19: Service Delay | S19: 07/01/2025 | T19: DD/MM/YYYY | U19: 45664 | V19: 2 hours | W19: 120 | X19: -1 | Z19: 2025-02-20 | AA19: YYYY-MM-DD | AB19: 45708 | AC19: Open | AD19: High | AE19: Level 1 | AF19: 1 | AG19: Sara | AH19: Solved | AI19: 3 | AJ19: Neutral | AL19: bad experience | AN19: ~30 | AO19: 30 | AP19: No | AQ19: Status Mismatch | AR19: OK | AS19: Solved Ticket Still Active | AT19: OK | AU19: OK | AV19: No | AY19: 91–120 min | BA19: $10–30
A20: 1018 | B20: TCK-1018 | E20: ~30 | F20: 30 | G20: Female | H20: Lebanon | I20: Tripoli | J20: Mobile Unit | K20: HealthPlus | L20: HealthPlus | M20: Lab | N20: Email | O20: Technical | P20: Prescription issue | S20: 2025-03-24 | T20: YYYY-MM-DD | U20: 45740 | V20: 30 min | W20: 30 | X20: 1 day | Y20: 24 | AC20: Resolved | AD20: Critical | AE20: 2 | AF20: 2 | AG20: Ali | AH20: Dropped | AI20: bad | AJ20: Good | AK20: Yes | AL20: good service | AM20: Positive Feedback | AN20: 20 | AO20: 20 | AP20: No | AQ20: Missing Resolved Date | AR20: OK | AS20: OK | AT20: OK | AU20: OK | AW20: 24 | AX20: 18–35 | AY20: 30–45 min | AZ20: 9–24 hrs | BA20: $10–30
A21: tk_1019 | B21: TCK-1019 | C21: P-110 | D21: V-2402 | E21: unknown | G21: Female | H21: Jordan | I21: Zarqa | J21: Clinic | K21: HealthPlus | L21: HealthPlus | M21: Lab | N21: Email | O21: Complaint | P21: Billing error | Q21: billing not clear | R21: Billing Issue | S21: 2025-03-17 | T21: YYYY-MM-DD | U21: 45733 | V21: 2 hours | W21: 120 | X21: 5 hours | Y21: 5 | AC21: Escalated | AD21: High | AE21: 3 | AF21: 3 | AH21: Duplicate | AI21: 3 | AJ21: Neutral | AK21: No | AN21: 50 | AO21: 50 | AP21: No | AQ21: OK | AR21: Resolution Time Exists Before Closure | AS21: Duplicate Ticket Still Active | AT21: OK | AU21: Review | AY21: 91–120 min | BA21: $31–60
A22: tk_1020 | B22: TCK-1020 | C22: P-648 | D22: V-4138 | E22: unknown | G22: Female | H22: Iraq | I22: Baghdad | J22: Mobile Unit | K22: Al Noor Hosp. | L22: Al Noor Hospital | M22: Pharmacy | N22: Walk-in | O22: Inquiry | P22: Prescription issue | Q22: need help | R22: Need Help | S22: 15/02/2025 | T22: DD/MM/YYYY | U22: 45703 | V22: 30 min | W22: 30 | X22: 48 | Y22: 48 | Z22: 02/02/2025 | AA22: DD/MM/YYYY | AB22: 45690 | AC22: Open | AD22: High | AE22: 1 | AF22: 1 | AG22: Fatima | AH22: Solved | AI22: bad | AJ22: Good | AK22: Yes | AL22: good service | AM22: Positive Feedback | AN22: 100 USD | AO22: 100 | AP22: No | AQ22: Status Mismatch | AR22: Resolution Time Exists Before Closure | AS22: Solved Ticket Still Active | AT22: OK | AU22: OK | AV22: Yes | AY22: 30–45 min | BA22: $61–100
A23: 1021 | B23: TCK-1021 | D23: V-2869 | E23: unknown | G23: Male | H23: Egypt | I23: Giza | J23: Hospital | K23: Alnoor Hospital | L23: Al Noor Hospital | M23: Pharmacy | N23: Web | O23: Medical | P23: Billing error | Q23: billing not clear | R23: Billing Issue | S23: 2025-03-05 | T23: YYYY-MM-DD | U23: 45721 | V23: 2 hours | W23: 120 | X23: 48 | Y23: 48 | Z23: 06-02-25 | AA23: MM-DD-YY | AB23: 45810 | AC23: Pending | AD23: Critical | AE23: 3 | AF23: 3 | AG23: Fatima | AH23: Duplicate | AI23: bad | AJ23: Good | AL23: good service | AM23: Positive Feedback | AN23: ~30 | AO23: 30 | AP23: No | AQ23: Status Mismatch | AR23: Resolution Time Exists Before Closure | AS23: Duplicate Ticket Still Active | AT23: OK | AU23: OK | AV23: No | AY23: 91–120 min | BA23: $10–30
A24: TCK-1022 | B24: TCK-1022 | C24: P-345 | D24: V-2229 | E24: unknown | G24: Female | H24: Lebanon | I24: Beirut | J24: Pharmacy | K24: Care Clinic | L24: Care Clinic | M24: ER | N24: WhatsApp | O24: Medical | P24: Missing record | Q24: need help | R24: Need Help | S24: 03-14-25 | T24: MM-DD-YY | U24: 45730 | V24: 2 hours | W24: 120 | X24: 2h | Y24: 2 | AC24: Pending | AD24: Medium | AE24: 3 | AF24: 3 | AG24: Sara | AH24: Referred | AI24: good | AJ24: Good | AK24: No | AL24: good service | AM24: Positive Feedback | AN24: 50 | AO24: 50 | AP24: Yes | AQ24: OK | AR24: Resolution Time Exists Before Closure | AS24: OK | AT24: OK | AU24: OK | AY24: 91–120 min | BA24: $31–60
A25: TCK-1023 | B25: TCK-1023 | E25: ~30 | F25: 30 | G25: Female | H25: Lebanon | I25: Beirut | J25: Pharmacy | K25: Al Noor Hosp. | L25: Al Noor Hospital | M25: Reception | N25: Phone | O25: Admin | P25: Missing record | Q25: billing not clear | R25: Billing Issue | S25: 03-24-25 | T25: MM-DD-YY | U25: 45740 | V25: 45 | W25: 45 | X25: 2h | Y25: 2 | Z25: 2025-01-24 | AA25: YYYY-MM-DD | AB25: 45681 | AC25: Pending | AD25: High | AE25: Level 1 | AF25: 1 | AG25: Ali | AH25: Referred | AI25: 4 | AJ25: Good | AL25: مشكلة في الفاتورة | AM25: Billing Issue | AN25: ~30 | AO25: 30 | AP25: No | AQ25: Status Mismatch | AR25: Resolution Time Exists Before Closure | AS25: OK | AT25: OK | AU25: OK | AV25: Yes | AX25: 18–35 | AY25: 30–45 min | BA25: $10–30
A26: 1024 | B26: TCK-1024 | D26: V-6260 | E26: unknown | G26: Female | H26: Jordan | I26: Irbid | J26: Pharmacy | K26: Care Clinic | L26: Care Clinic | M26: Lab | N26: Web | O26: Complaint | P26: System down | S26: 23/01/2025 | T26: DD/MM/YYYY | U26: 45680 | V26: 45 | W26: 45 | X26: 1 day | Y26: 24 | Z26: 30/01/2025 | AA26: DD/MM/YYYY | AB26: 45687 | AC26: Resolved | AD26: Critical | AE26: 3 | AF26: 3 | AG26: Ali | AH26: Referred | AI26: 5 | AJ26: Good | AK26: Yes | AL26: تأخير في الخدمة | AM26: Service Delay | AN26: 100 USD | AO26: 100 | AP26: No | AQ26: OK | AR26: OK | AS26: OK | AT26: OK | AU26: OK | AV26: No | AW26: 24 | AY26: 30–45 min | AZ26: 9–24 hrs | BA26: $61–100
A27: 1025 | B27: TCK-1025 | D27: V-2989 | E27: ~30 | F27: 30 | G27: Female | H27: Egypt | I27: Cairo | J27: Clinic | K27: Care Clinic | L27: Care Clinic | M27: Reception | N27: Phone | O27: Technical | P27: System down | Q27: billing not clear | R27: Billing Issue | S27: 2025-01-24 | T27: YYYY-MM-DD | U27: 45681 | V27: 30 min | W27: 30 | X27: -1 | Z27: 01-31-25 | AA27: MM-DD-YY | AB27: 45688 | AC27: Escalated | AD27: High | AE27: Level 1 | AF27: 1 | AG27: Hassan | AH27: Dropped | AI27: bad | AJ27: Good | AK27: No | AN27: ~30 | AO27: 30 | AP27: Yes | AQ27: Status Mismatch | AR27: OK | AS27: Dropped Ticket Still Active | AT27: OK | AU27: OK | AV27: No | AX27: 18–35 | AY27: 30–45 min | BA27: $10–30
A28: TCK-1026 | B28: TCK-1026 | E28: unknown | G28: Male | H28: Egypt | I28: Alexandria | J28: Pharmacy | K28: Alnoor Hospital | L28: Al Noor Hospital | M28: Lab | N28: Web | O28: Admin | P28: Prescription issue | S28: 03-27-25 | T28: MM-DD-YY | U28: 45743 | V28: 2 hours | W28: 120 | X28: -1 | Z28: 2025-03-24 | AA28: YYYY-MM-DD | AB28: 45740 | AC28: Resolved | AD28: Critical | AE28: 1 | AF28: 1 | AG28: John | AH28: Solved | AI28: 3 | AJ28: Neutral | AK28: No | AL28: bad experience | AN28: ~30 | AO28: 30 | AP28: No | AQ28: OK | AR28: Missing Resolution Time | AS28: OK | AT28: OK | AU28: OK | AV28: Yes | AY28: 91–120 min | BA28: $10–30
A29: 1027 | B29: TCK-1027 | D29: V-1251 | E29: ~30 | F29: 30 | G29: Female | H29: Jordan | I29: Zarqa | J29: Hospital | K29: HealthPlus | L29: HealthPlus | M29: Billing | N29: Walk-in | O29: Technical | P29: Missing record | Q29: need help | R29: Need Help | S29: 04-12-25 | T29: MM-DD-YY | U29: 45759 | V29: 30 min | W29: 30 | X29: 1 day | Y29: 24 | AC29: Pending | AD29: Critical | AE29: Level 1 | AF29: 1 | AG29: Ali | AH29: Solved | AI29: 2 | AJ29: Bad | AK29: Yes | AL29: good service | AM29: Positive Feedback | AN29: 20 | AO29: 20 | AP29: Yes | AQ29: OK | AR29: Resolution Time Exists Before Closure | AS29: Solved Ticket Still Active | AT29: OK | AU29: OK | AX29: 18–35 | AY29: 30–45 min | BA29: $10–30
A30: TCK-1028 | B30: TCK-1028 | E30: unknown | G30: Female | H30: Egypt | I30: Cairo | J30: Clinic | K30: Alnoor Hospital | L30: Al Noor Hospital | M30: Reception | N30: Email | O30: Technical | P30: Missing record | S30: 2025-02-16 | T30: YYYY-MM-DD | U30: 45704 | V30: 1h | W30: 60 | X30: 2h | Y30: 2 | Z30: 06/06/2025 | AA30: DD/MM/YYYY | AB30: 45814 | AC30: Escalated | AD30: Medium | AE30: 1 | AF30: 1 | AG30: Fatima | AH30: Duplicate | AI30: 4 | AJ30: Good | AK30: Yes | AN30: 10 | AO30: 10 | AP30: No | AQ30: Status Mismatch | AR30: Resolution Time Exists Before Closure | AS30: Duplicate Ticket Still Active | AT30: OK | AU30: OK | AV30: No | AY30: 46–60 min | BA30: $10–30
A31: tk_1029 | B31: TCK-1029 | E31: 39 | F31: 39 | G31: Female | H31: Iraq | I31: Mosul | J31: Pharmacy | K31: Al Noor Hosp. | L31: Al Noor Hospital | M31: Pharmacy | N31: Email | O31: Technical | P31: Prescription issue | Q31: waiting too long | R31: Long Wait Time | S31: 28/05/2025 | T31: DD/MM/YYYY | U31: 45805 | V31: 45 | W31: 45 | X31: 2h | Y31: 2 | AC31: Open | AD31: Low | AE31: Level 1 | AF31: 1 | AG31: Fatima | AH31: Duplicate | AI31: bad | AJ31: Good | AK31: No | AN31: 100 USD | AO31: 100 | AP31: No | AQ31: OK | AR31: Resolution Time Exists Before Closure | AS31: Duplicate Ticket Still Active | AT31: OK | AU31: OK | AX31: 36–50 | AY31: 30–45 min | BA31: $61–100
A32: tk_1030 | B32: TCK-1030 | C32: P-199 | E32: ~30 | F32: 30 | G32: Male | H32: Jordan | I32: Irbid | J32: Clinic | K32: Al Noor Hosp. | L32: Al Noor Hospital | M32: Billing | N32: Walk-in | O32: Admin | P32: Long wait time | Q32: الدكتور لم يحضر | R32: Doctor Did Not Attend | S32: 2025-02-21 | T32: YYYY-MM-DD | U32: 45709 | V32: 45 | W32: 45 | X32: 48 | Y32: 48 | Z32: 09/05/2025 | AA32: DD/MM/YYYY | AB32: 45786 | AC32: Pending | AD32: Critical | AE32: 2 | AF32: 2 | AG32: Maya | AH32: Solved | AI32: 4 | AJ32: Good | AK32: Yes | AL32: bad experience | AN32: 20 | AO32: 20 | AP32: Yes | AQ32: Status Mismatch | AR32: Resolution Time Exists Before Closure | AS32: Solved Ticket Still Active | AT32: OK | AU32: OK | AV32: No | AX32: 18–35 | AY32: 30–45 min | BA32: $10–30
A33: 1031 | B33: TCK-1031 | C33: P-649 | E33: ~30 | F33: 30 | G33: Male | H33: Egypt | I33: Alexandria | J33: Pharmacy | K33: Care Clinic | L33: Care Clinic | M33: ER | N33: WhatsApp | O33: Admin | P33: Billing error | Q33: waiting too long | R33: Long Wait Time | S33: 06-08-25 | T33: MM-DD-YY | U33: 45816 | V33: 45 | W33: 45 | X33: 48 | Y33: 48 | Z33: 02-26-25 | AA33: MM-DD-YY | AB33: 45714 | AC33: Resolved | AD33: Critical | AE33: 2 | AF33: 2 | AG33: John | AH33: Solved | AI33: 2 | AJ33: Bad | AK33: Yes | AL33: good service | AM33: Positive Feedback | AN33: 10 | AO33: 10 | AP33: No | AQ33: OK | AR33: OK | AS33: OK | AT33: OK | AU33: OK | AV33: Yes | AW33: 48 | AX33: 18–35 | AY33: 30–45 min | AZ33: 25–48 hrs | BA33: $10–30
A34: 1032 | B34: TCK-1032 | E34: 84 | F34: 84 | G34: Female | H34: Egypt | I34: Cairo | J34: Pharmacy | K34: Care Clinic | L34: Care Clinic | M34: ER | N34: Walk-in | O34: Inquiry | P34: System down | Q34: need help | R34: Need Help | S34: 2025-04-24 | T34: YYYY-MM-DD | U34: 45771 | V34: 45 | W34: 45 | X34: 2h | Y34: 2 | AC34: Open | AD34: Critical | AE34: 2 | AF34: 2 | AG34: Lina | AH34: Solved | AI34: bad | AJ34: Good | AK34: No | AL34: الدكتور لم يحضر | AM34: Doctor Unavailable | AN34: 10 | AO34: 10 | AP34: Yes | AQ34: OK | AR34: Resolution Time Exists Before Closure | AS34: Solved Ticket Still Active | AT34: OK | AU34: OK | AX34: 66+ | AY34: 30–45 min | BA34: $10–30
A35: TCK-1033 | B35: TCK-1033 | C35: P-949 | D35: V-4538 | E35: 43 | F35: 43 | G35: Female | H35: Lebanon | I35: Beirut | J35: Hospital | K35: Care Clinic | L35: Care Clinic | M35: Pharmacy | N35: WhatsApp | O35: Technical | P35: Prescription issue | Q35: need help | R35: Need Help | S35: 2025-02-14 | T35: YYYY-MM-DD | U35: 45702 | V35: 30 min | W35: 30 | X35: 5 hours | Y35: 5 | Z35: 04/01/2025 | AA35: DD/MM/YYYY | AB35: 45661 | AC35: Resolved | AD35: High | AE35: 0 | AF35: 0 | AG35: Omar | AH35: Duplicate | AI35: 1 | AJ35: Bad | AK35: No | AL35: bad experience | AN35: ~30 | AO35: 30 | AP35: Yes | AQ35: OK | AR35: OK | AS35: OK | AT35: Review | AU35: OK | AV35: Yes | AW35: 5 | AX35: 36–50 | AY35: 30–45 min | AZ35: 5–8 hrs | BA35: $10–30
A36: tk_1034 | B36: TCK-1034 | C36: P-326 | E36: ~30 | F36: 30 | G36: Male | H36: Lebanon | I36: Saida | J36: Hospital | K36: HealthPlus | L36: HealthPlus | M36: Lab | N36: Email | O36: Complaint | P36: System down | Q36: billing not clear | R36: Billing Issue | S36: 2025-04-24 | T36: YYYY-MM-DD | U36: 45771 | V36: 30 min | W36: 30 | X36: 1 day | Y36: 24 | Z36: 2025-06-05 | AA36: YYYY-MM-DD | AB36: 45813 | AC36: Closed | AD36: High | AE36: Level 1 | AF36: 1 | AH36: Duplicate | AI36: 4 | AJ36: Good | AL36: تأخير في الخدمة | AM36: Service Delay | AN36: 100 USD | AO36: 100 | AP36: No | AQ36: OK | AR36: OK | AS36: OK | AT36: OK | AU36: Review | AV36: No | AW36: 24 | AX36: 18–35 | AY36: 30–45 min | AZ36: 9–24 hrs | BA36: $61–100
A37: 1035 | B37: TCK-1035 | C37: P-562 | E37: unknown | G37: Female | H37: Egypt | I37: Alexandria | J37: Hospital | K37: Care Clinic | L37: Care Clinic | M37: Lab | N37: Walk-in | O37: Medical | P37: Prescription issue | Q37: waiting too long | R37: Long Wait Time | S37: 02-09-25 | T37: MM-DD-YY | U37: 45697 | V37: 2 hours | W37: 120 | X37: 2h | Y37: 2 | Z37: 2025-01-24 | AA37: YYYY-MM-DD | AB37: 45681 | AC37: Escalated | AD37: Low | AE37: 2 | AF37: 2 | AG37: Omar | AH37: Solved | AI37: 5 | AJ37: Good | AL37: bad experience | AN37: 100 USD | AO37: 100 | AP37: No | AQ37: Status Mismatch | AR37: Resolution Time Exists Before Closure | AS37: Solved Ticket Still Active | AT37: OK | AU37: OK | AV37: Yes | AY37: 91–120 min | BA37: $61–100
A38: tk_1036 | B38: TCK-1036 | D38: V-2697 | E38: ~30 | F38: 30 | G38: Female | H38: Lebanon | I38: Saida | J38: Clinic | K38: Al Noor Hosp. | L38: Al Noor Hospital | M38: Billing | N38: Web | O38: Medical | P38: Billing error | S38: 03-13-25 | T38: MM-DD-YY | U38: 45729 | V38: 1h | W38: 60 | X38: -1 | Z38: 05-24-25 | AA38: MM-DD-YY | AB38: 45801 | AC38: Resolved | AD38: High | AE38: 0 | AF38: 0 | AG38: Omar | AH38: Duplicate | AI38: good | AJ38: Good | AK38: Yes | AN38: 50 | AO38: 50 | AP38: No | AQ38: OK | AR38: Missing Resolution Time | AS38: OK | AT38: Review | AU38: OK | AV38: No | AX38: 18–35 | AY38: 46–60 min | BA38: $31–60
A39: TCK-1037 | B39: TCK-1037 | C39: P-858 | D39: V-2503 | E39: unknown | G39: Female | H39: Lebanon | I39: Bekaa | J39: Mobile Unit | K39: Alnoor Hospital | L39: Al Noor Hospital | M39: Billing | N39: Walk-in | O39: Medical | P39: Wrong appointment | Q39: الدكتور لم يحضر | R39: Doctor Did Not Attend | S39: 2025-06-02 | T39: YYYY-MM-DD | U39: 45810 | V39: 30 min | W39: 30 | X39: 5 hours | Y39: 5 | Z39: 02-10-25 | AA39: MM-DD-YY | AB39: 45698 | AC39: Resolved | AD39: Low | AE39: 2 | AF39: 2 | AG39: Fatima | AH39: Dropped | AI39: 4 | AJ39: Good | AL39: good service | AM39: Positive Feedback | AN39: ~30 | AO39: 30 | AP39: No | AQ39: OK | AR39: OK | AS39: OK | AT39: OK | AU39: OK | AV39: Yes | AW39: 5 | AY39: 30–45 min | AZ39: 5–8 hrs | BA39: $10–30
A40: 1038 | B40: TCK-1038 | E40: 6 | F40: 6 | G40: Female | H40: Iraq | I40: Baghdad | J40: Hospital | K40: Al Noor Hosp. | L40: Al Noor Hospital | M40: Pharmacy | N40: Walk-in | O40: Inquiry | P40: Long wait time | Q40: billing not clear | R40: Billing Issue | S40: 07/03/2025 | T40: DD/MM/YYYY | U40: 45723 | V40: 45 | W40: 45 | X40: 2h | Y40: 2 | AC40: Closed | AD40: Medium | AE40: 3 | AF40: 3 | AH40: Referred | AI40: 5 | AJ40: Good | AL40: good service | AM40: Positive Feedback | AN40: 50 | AO40: 50 | AP40: Yes | AQ40: Missing Resolved Date | AR40: OK | AS40: OK | AT40: OK | AU40: Review | AW40: 2 | AX40: 0–17 | AY40: 30–45 min | AZ40: ≤4 hrs | BA40: $31–60
A41: TCK-1039 | B41: TCK-1039 | E41: unknown | G41: Male | H41: Egypt | I41: Alexandria | J41: Hospital | K41: HealthPlus | L41: HealthPlus | M41: ER | N41: Walk-in | O41: Inquiry | P41: Wrong appointment | S41: 04-28-25 | T41: MM-DD-YY | U41: 45775 | V41: 45 | W41: 45 | X41: 2h | Y41: 2 | Z41: 2025-04-22 | AA41: YYYY-MM-DD | AB41: 45769 | AC41: Escalated | AD41: Critical | AE41: Level 1 | AF41: 1 | AG41: Sara | AH41: Dropped | AI41: bad | AJ41: Good | AK41: Yes | AL41: تأخير في الخدمة | AM41: Service Delay | AN41: 50 | AO41: 50 | AP41: Yes | AQ41: Status Mismatch | AR41: Resolution Time Exists Before Closure | AS41: Dropped Ticket Still Active | AT41: OK | AU41: OK | AV41: Yes | AY41: 30–45 min | BA41: $31–60
A42: 1040 | B42: TCK-1040 | C42: P-459 | D42: V-4871 | E42: unknown | G42: Female | H42: Iraq | I42: Baghdad | J42: Clinic | K42: Alnoor Hospital | L42: Al Noor Hospital | M42: ER | N42: WhatsApp | O42: Admin | P42: System down | Q42: تأخير في الخدمة | R42: Service Delay | S42: 05-25-25 | T42: MM-DD-YY | U42: 45802 | V42: 2 hours | W42: 120 | X42: 48 | Y42: 48 | AC42: Pending | AD42: High | AE42: 1 | AF42: 1 | AG42: Fatima | AH42: Solved | AI42: 4 | AJ42: Good | AK42: No | AL42: bad experience | AN42: 50 | AO42: 50 | AP42: No | AQ42: OK | AR42: Resolution Time Exists Before Closure | AS42: Solved Ticket Still Active | AT42: OK | AU42: OK | AY42: 91–120 min | BA42: $31–60
A43: TCK-1041 | B43: TCK-1041 | D43: V-5703 | E43: 83 | F43: 83 | G43: Female | H43: Lebanon | I43: Tripoli | J43: Pharmacy | K43: HealthPlus | L43: HealthPlus | M43: Reception | N43: Web | O43: Complaint | P43: System down | Q43: billing not clear | R43: Billing Issue | S43: 05-27-25 | T43: MM-DD-YY | U43: 45804 | V43: 1h | W43: 60 | X43: 1 day | Y43: 24 | Z43: 04/06/2025 | AA43: DD/MM/YYYY | AB43: 45812 | AC43: Open | AD43: Critical | AE43: 0 | AF43: 0 | AG43: Maya | AH43: Solved | AI43: 5 | AJ43: Good | AK43: No | AL43: الخدمة سيئة | AM43: Negative Feedback | AN43: 10 | AO43: 10 | AP43: Yes | AQ43: Status Mismatch | AR43: Resolution Time Exists Before Closure | AS43: Solved Ticket Still Active | AT43: Review | AU43: OK | AV43: No | AX43: 66+ | AY43: 46–60 min | BA43: $10–30
A44: 1042 | B44: TCK-1042 | E44: unknown | G44: Male | H44: Egypt | I44: Giza | J44: Pharmacy | K44: Care Clinic | L44: Care Clinic | M44: Billing | N44: Web | O44: Inquiry | P44: Prescription issue | Q44: billing not clear | R44: Billing Issue | S44: 01-21-25 | T44: MM-DD-YY | U44: 45678 | V44: 1h | W44: 60 | X44: 1 day | Y44: 24 | AC44: Closed | AD44: Low | AE44: 2 | AF44: 2 | AH44: Dropped | AI44: good | AJ44: Good | AK44: Yes | AN44: 20 | AO44: 20 | AP44: Yes | AQ44: Missing Resolved Date | AR44: OK | AS44: OK | AT44: OK | AU44: Review | AW44: 24 | AY44: 46–60 min | AZ44: 9–24 hrs | BA44: $10–30
A45: TCK-1043 | B45: TCK-1043 | D45: V-8967 | E45: 29 | F45: 29 | G45: Female | H45: Egypt | I45: Alexandria | J45: Hospital | K45: Care Clinic | L45: Care Clinic | M45: ER | N45: Web | O45: Technical | P45: Missing record | Q45: waiting too long | R45: Long Wait Time | S45: 2025-05-15 | T45: YYYY-MM-DD | U45: 45792 | V45: 45 | W45: 45 | X45: 48 | Y45: 48 | AC45: Closed | AD45: Medium | AE45: 1 | AF45: 1 | AG45: Omar | AH45: Dropped | AI45: 1 | AJ45: Bad | AK45: No | AN45: 50 | AO45: 50 | AP45: Yes | AQ45: Missing Resolved Date | AR45: OK | AS45: OK | AT45: OK | AU45: OK | AW45: 48 | AX45: 18–35 | AY45: 30–45 min | AZ45: 25–48 hrs | BA45: $31–60
A46: 1044 | B46: TCK-1044 | E46: ~30 | F46: 30 | G46: Female | H46: Egypt | I46: Alexandria | J46: Pharmacy | K46: Care Clinic | L46: Care Clinic | M46: Lab | N46: Web | O46: Technical | P46: System down | S46: 2025-02-11 | T46: YYYY-MM-DD | U46: 45699 | V46: 1h | W46: 60 | X46: 1 day | Y46: 24 | AC46: Pending | AD46: High | AE46: Level 1 | AF46: 1 | AG46: Sara | AH46: Solved | AI46: 3 | AJ46: Neutral | AK46: Yes | AL46: bad experience | AN46: 20 | AO46: 20 | AP46: No | AQ46: OK | AR46: Resolution Time Exists Before Closure | AS46: Solved Ticket Still Active | AT46: OK | AU46: OK | AX46: 18–35 | AY46: 46–60 min | BA46: $10–30
A47: 1045 | B47: TCK-1045 | C47: P-457 | D47: V-7797 | E47: ~30 | F47: 30 | G47: Male | H47: Egypt | I47: Alexandria | J47: Clinic | K47: HealthPlus | L47: HealthPlus | M47: ER | N47: Walk-in | O47: Inquiry | P47: Billing error | S47: 2025-03-23 | T47: YYYY-MM-DD | U47: 45739 | V47: 45 | W47: 45 | X47: 5 hours | Y47: 5 | AC47: Pending | AD47: Critical | AE47: 1 | AF47: 1 | AG47: Fatima | AH47: Dropped | AI47: 5 | AJ47: Good | AK47: Yes | AL47: bad experience | AN47: 10 | AO47: 10 | AP47: Yes | AQ47: OK | AR47: Resolution Time Exists Before Closure | AS47: Dropped Ticket Still Active | AT47: OK | AU47: OK | AX47: 18–35 | AY47: 30–45 min | BA47: $10–30
A48: 1046 | B48: TCK-1046 | D48: V-2996 | E48: unknown | G48: Female | H48: Iraq | I48: Baghdad | J48: Pharmacy | K48: Al Noor Hosp. | L48: Al Noor Hospital | M48: ER | N48: Email | O48: Technical | P48: Wrong appointment | Q48: الدكتور لم يحضر | R48: Doctor Did Not Attend | S48: 01-05-25 | T48: MM-DD-YY | U48: 45662 | V48: 1h | W48: 60 | X48: 5 hours | Y48: 5 | Z48: 16/03/2025 | AA48: DD/MM/YYYY | AB48: 45732 | AC48: Resolved | AD48: High | AE48: 1 | AF48: 1 | AG48: John | AH48: Referred | AI48: good | AJ48: Good | AK48: Yes | AL48: good service | AM48: Positive Feedback | AN48: 100 USD | AO48: 100 | AP48: No | AQ48: OK | AR48: OK | AS48: OK | AT48: OK | AU48: OK | AV48: No | AW48: 5 | AY48: 46–60 min | AZ48: 5–8 hrs | BA48: $61–100
A49: 1047 | B49: TCK-1047 | C49: P-359 | D49: V-6850 | E49: 45 | F49: 45 | G49: Male | H49: Lebanon | I49: Beirut | J49: Mobile Unit | K49: Alnoor Hospital | L49: Al Noor Hospital | M49: ER | N49: Walk-in | O49: Technical | P49: Prescription issue | S49: 2025-06-14 | T49: YYYY-MM-DD | U49: 45822 | V49: 2 hours | W49: 120 | X49: -1 | Z49: 2025-06-11 | AA49: YYYY-MM-DD | AB49: 45819 | AC49: Open | AD49: Critical | AE49: 0 | AF49: 0 | AG49: Hassan | AH49: Referred | AI49: 1 | AJ49: Bad | AK49: No | AL49: تأخير في الخدمة | AM49: Service Delay | AN49: 10 | AO49: 10 | AP49: No | AQ49: Status Mismatch | AR49: OK | AS49: OK | AT49: Review | AU49: OK | AV49: Yes | AX49: 36–50 | AY49: 91–120 min | BA49: $10–30
A50: TCK-1048 | B50: TCK-1048 | C50: P-871 | E50: ~30 | F50: 30 | G50: Male | H50: Iraq | I50: Mosul | J50: Mobile Unit | K50: Al Noor Hosp. | L50: Al Noor Hospital | M50: Billing | N50: Email | O50: Admin | P50: Missing record | Q50: الخدمة سيئة | R50: Poor Service | S50: 23/04/2025 | T50: DD/MM/YYYY | U50: 45770 | V50: 45 | W50: 45 | X50: 5 hours | Y50: 5 | AC50: Pending | AD50: High | AE50: 0 | AF50: 0 | AG50: John | AH50: Solved | AI50: 4 | AJ50: Good | AN50: 20 | AO50: 20 | AP50: No | AQ50: OK | AR50: Resolution Time Exists Before Closure | AS50: Solved Ticket Still Active | AT50: Review | AU50: OK | AX50: 18–35 | AY50: 30–45 min | BA50: $10–30
A51: 1049 | B51: TCK-1049 | E51: unknown | G51: Male | H51: Iraq | I51: Baghdad | J51: Mobile Unit | K51: HealthPlus | L51: HealthPlus | M51: Billing | N51: Phone | O51: Complaint | P51: Missing record | Q51: billing not clear | R51: Billing Issue | S51: 13/06/2025 | T51: DD/MM/YYYY | U51: 45821 | V51: 45 | W51: 45 | X51: 48 | Y51: 48 | Z51: 2025-06-23 | AA51: YYYY-MM-DD | AB51: 45831 | AC51: Closed | AD51: Critical | AE51: 0 | AF51: 0 | AG51: Omar | AH51: Solved | AI51: 2 | AJ51: Bad | AK51: Yes | AN51: 50 | AO51: 50 | AP51: No | AQ51: OK | AR51: OK | AS51: OK | AT51: Review | AU51: OK | AV51: No | AW51: 48 | AY51: 30–45 min | AZ51: 25–48 hrs | BA51: $31–60
A52: TCK-1050 | B52: TCK-1050 | C52: P-687 | E52: unknown | G52: Male | H52: Lebanon | I52: Bekaa | J52: Clinic | K52: Al Noor Hosp. | L52: Al Noor Hospital | M52: ER | N52: WhatsApp | O52: Admin | P52: Wrong appointment | Q52: billing not clear | R52: Billing Issue | S52: 04-10-25 | T52: MM-DD-YY | U52: 45757 | V52: 30 min | W52: 30 | X52: 1 day | Y52: 24 | AC52: Closed | AD52: High | AE52: 3 | AF52: 3 | AG52: Lina | AH52: Solved | AI52: 2 | AJ52: Bad | AK52: Yes | AL52: مشكلة في الفاتورة | AM52: Billing Issue | AN52: ~30 | AO52: 30 | AP52: Yes | AQ52: Missing Resolved Date | AR52: OK | AS52: OK | AT52: OK | AU52: OK | AW52: 24 | AY52: 30–45 min | AZ52: 9–24 hrs | BA52: $10–30
A53: 1051 | B53: TCK-1051 | C53: P-971 | E53: 66 | F53: 66 | G53: Male | H53: Egypt | I53: Cairo | J53: Clinic | K53: Alnoor Hospital | L53: Al Noor Hospital | M53: Pharmacy | N53: Email | O53: Complaint | P53: Prescription issue | Q53: billing not clear | R53: Billing Issue | S53: 05-22-25 | T53: MM-DD-YY | U53: 45799 | V53: 45 | W53: 45 | X53: -1 | Z53: 2025-05-22 | AA53: YYYY-MM-DD | AB53: 45799 | AC53: Open | AD53: High | AE53: 3 | AF53: 3 | AG53: Fatima | AH53: Dropped | AI53: bad | AJ53: Good | AK53: No | AN53: 100 USD | AO53: 100 | AP53: Yes | AQ53: Status Mismatch | AR53: OK | AS53: Dropped Ticket Still Active | AT53: OK | AU53: OK | AV53: No | AX53: 66+ | AY53: 30–45 min | BA53: $61–100
A54: TCK-1052 | B54: TCK-1052 | C54: P-999 | E54: 65 | F54: 65 | G54: Male | H54: Jordan | I54: Zarqa | J54: Clinic | K54: Care Clinic | L54: Care Clinic | M54: Pharmacy | N54: WhatsApp | O54: Medical | P54: Missing record | S54: 27/02/2025 | T54: DD/MM/YYYY | U54: 45715 | V54: 45 | W54: 45 | X54: 2h | Y54: 2 | AC54: Closed | AD54: High | AE54: Level 1 | AF54: 1 | AH54: Solved | AI54: 5 | AJ54: Good | AK54: No | AN54: 100 USD | AO54: 100 | AP54: Yes | AQ54: Missing Resolved Date | AR54: OK | AS54: OK | AT54: OK | AU54: Review | AW54: 2 | AX54: 51–65 | AY54: 30–45 min | AZ54: ≤4 hrs | BA54: $61–100
A55: TCK-1053 | B55: TCK-1053 | E55: ~30 | F55: 30 | G55: Male | H55: Jordan | I55: Irbid | J55: Pharmacy | K55: Care Clinic | L55: Care Clinic | M55: Billing | N55: Email | O55: Inquiry | P55: Missing record | Q55: مشكلة في الفاتورة | R55: Billing Issue | S55: 14/04/2025 | T55: DD/MM/YYYY | U55: 45761 | V55: 2 hours | W55: 120 | X55: 2h | Y55: 2 | Z55: 2025-06-26 | AA55: YYYY-MM-DD | AB55: 45834 | AC55: Escalated | AD55: Critical | AE55: 3 | AF55: 3 | AG55: Fatima | AH55: Referred | AI55: 3 | AJ55: Neutral | AL55: good service | AM55: Positive Feedback | AN55: 20 | AO55: 20 | AP55: No | AQ55: Status Mismatch | AR55: Resolution Time Exists Before Closure | AS55: OK | AT55: OK | AU55: OK | AV55: No | AX55: 18–35 | AY55: 91–120 min | BA55: $10–30
A56: tk_1054 | B56: TCK-1054 | C56: P-675 | D56: V-6228 | E56: 60 | F56: 60 | G56: Male | H56: Iraq | I56: Mosul | J56: Pharmacy | K56: Alnoor Hospital | L56: Al Noor Hospital | M56: Pharmacy | N56: Phone | O56: Complaint | P56: Prescription issue | S56: 04-09-25 | T56: MM-DD-YY | U56: 45756 | V56: 2 hours | W56: 120 | X56: 5 hours | Y56: 5 | AC56: Closed | AD56: Medium | AE56: 3 | AF56: 3 | AH56: Dropped | AI56: 4 | AJ56: Good | AK56: Yes | AN56: ~30 | AO56: 30 | AP56: Yes | AQ56: Missing Resolved Date | AR56: OK | AS56: OK | AT56: OK | AU56: Review | AW56: 5 | AX56: 51–65 | AY56: 91–120 min | AZ56: 5–8 hrs | BA56: $10–30
A57: TCK-1055 | B57: TCK-1055 | E57: ~30 | F57: 30 | G57: Male | H57: Lebanon | I57: Saida | J57: Hospital | K57: HealthPlus | L57: HealthPlus | M57: Pharmacy | N57: Walk-in | O57: Medical | P57: System down | Q57: need help | R57: Need Help | S57: 2025-04-04 | T57: YYYY-MM-DD | U57: 45751 | V57: 2 hours | W57: 120 | X57: 2h | Y57: 2 | Z57: 05-26-25 | AA57: MM-DD-YY | AB57: 45803 | AC57: Pending | AD57: High | AE57: 0 | AF57: 0 | AG57: John | AH57: Dropped | AI57: bad | AJ57: Good | AN57: 50 | AO57: 50 | AP57: Yes | AQ57: Status Mismatch | AR57: Resolution Time Exists Before Closure | AS57: Dropped Ticket Still Active | AT57: Review | AU57: OK | AV57: No | AX57: 18–35 | AY57: 91–120 min | BA57: $31–60
A58: TCK-1056 | B58: TCK-1056 | D58: V-9193 | E58: 6 | F58: 6 | G58: Female | H58: Jordan | I58: Amman | J58: Mobile Unit | K58: HealthPlus | L58: HealthPlus | M58: Reception | N58: Email | O58: Inquiry | P58: Wrong appointment | Q58: billing not clear | R58: Billing Issue | S58: 2025-05-12 | T58: YYYY-MM-DD | U58: 45789 | V58: 45 | W58: 45 | X58: 48 | Y58: 48 | AC58: Resolved | AD58: High | AE58: Level 1 | AF58: 1 | AG58: Maya | AH58: Dropped | AI58: good | AJ58: Good | AN58: 50 | AO58: 50 | AP58: No | AQ58: Missing Resolved Date | AR58: OK | AS58: OK | AT58: OK | AU58: OK | AW58: 48 | AX58: 0–17 | AY58: 30–45 min | AZ58: 25–48 hrs | BA58: $31–60
A59: tk_1057 | B59: TCK-1057 | C59: P-993 | E59: ~30 | F59: 30 | G59: Female | H59: Lebanon | I59: Tripoli | J59: Clinic | K59: Al Noor Hosp. | L59: Al Noor Hospital | M59: Reception | N59: Email | O59: Inquiry | P59: Wrong appointment | Q59: waiting too long | R59: Long Wait Time | S59: 06-11-25 | T59: MM-DD-YY | U59: 45819 | V59: 2 hours | W59: 120 | X59: 5 hours | Y59: 5 | Z59: 2025-06-24 | AA59: YYYY-MM-DD | AB59: 45832 | AC59: Resolved | AD59: Low | AE59: 1 | AF59: 1 | AG59: Ali | AH59: Dropped | AI59: 3 | AJ59: Neutral | AK59: No | AN59: 20 | AO59: 20 | AP59: No | AQ59: OK | AR59: OK | AS59: OK | AT59: OK | AU59: OK | AV59: No | AW59: 5 | AX59: 18–35 | AY59: 91–120 min | AZ59: 5–8 hrs | BA59: $10–30
A60: tk_1058 | B60: TCK-1058 | E60: 41 | F60: 41 | G60: Female | H60: Jordan | I60: Zarqa | J60: Mobile Unit | K60: Care Clinic | L60: Care Clinic | M60: Billing | N60: Web | O60: Admin | P60: Long wait time | Q60: waiting too long | R60: Long Wait Time | S60: 05/03/2025 | T60: DD/MM/YYYY | U60: 45721 | V60: 45 | W60: 45 | X60: 5 hours | Y60: 5 | Z60: 18/03/2025 | AA60: DD/MM/YYYY | AB60: 45734 | AC60: Resolved | AD60: Critical | AE60: 2 | AF60: 2 | AG60: Fatima | AH60: Duplicate | AI60: 5 | AJ60: Good | AK60: Yes | AL60: bad experience | AN60: 50 | AO60: 50 | AP60: Yes | AQ60: OK | AR60: OK | AS60: OK | AT60: OK | AU60: OK | AV60: No | AW60: 5 | AX60: 36–50 | AY60: 30–45 min | AZ60: 5–8 hrs | BA60: $31–60
A61: 1059 | B61: TCK-1059 | C61: P-831 | E61: unknown | G61: Female | H61: Egypt | I61: Giza | J61: Clinic | K61: Alnoor Hospital | L61: Al Noor Hospital | M61: Reception | N61: Walk-in | O61: Technical | P61: Missing record | Q61: need help | R61: Need Help | S61: 2025-03-11 | T61: YYYY-MM-DD | U61: 45727 | V61: 30 min | W61: 30 | X61: 48 | Y61: 48 | Z61: 2025-05-31 | AA61: YYYY-MM-DD | AB61: 45808 | AC61: Open | AD61: Medium | AE61: 1 | AF61: 1 | AG61: Ali | AH61: Solved | AI61: 4 | AJ61: Good | AK61: Yes | AL61: good service | AM61: Positive Feedback | AN61: ~30 | AO61: 30 | AP61: Yes | AQ61: Status Mismatch | AR61: Resolution Time Exists Before Closure | AS61: Solved Ticket Still Active | AT61: OK | AU61: OK | AV61: No | AY61: 30–45 min | BA61: $10–30
A62: tk_1060 | B62: TCK-1060 | E62: 83 | F62: 83 | G62: Male | H62: Jordan | I62: Amman | J62: Clinic | K62: Al Noor Hosp. | L62: Al Noor Hospital | M62: Pharmacy | N62: Email | O62: Inquiry | P62: Billing error | S62: 12/04/2025 | T62: DD/MM/YYYY | U62: 45759 | V62: 1h | W62: 60 | X62: 1 day | Y62: 24 | AC62: Resolved | AD62: Low | AE62: 2 | AF62: 2 | AG62: Hassan | AH62: Dropped | AI62: good | AJ62: Good | AL62: الخدمة سيئة | AM62: Negative Feedback | AN62: 100 USD | AO62: 100 | AP62: No | AQ62: Missing Resolved Date | AR62: OK | AS62: OK | AT62: OK | AU62: OK | AW62: 24 | AX62: 66+ | AY62: 46–60 min | AZ62: 9–24 hrs | BA62: $61–100
A63: 1061 | B63: TCK-1061 | D63: V-5215 | E63: ~30 | F63: 30 | G63: Male | H63: Jordan | I63: Irbid | J63: Mobile Unit | K63: Alnoor Hospital | L63: Al Noor Hospital | M63: Pharmacy | N63: Web | O63: Admin | P63: System down | Q63: billing not clear | R63: Billing Issue | S63: 12/05/2025 | T63: DD/MM/YYYY | U63: 45789 | V63: 30 min | W63: 30 | X63: -1 | Z63: 2025-06-21 | AA63: YYYY-MM-DD | AB63: 45829 | AC63: Closed | AD63: Critical | AE63: 2 | AF63: 2 | AG63: Lina | AH63: Solved | AI63: 3 | AJ63: Neutral | AK63: No | AL63: good service | AM63: Positive Feedback | AN63: 20 | AO63: 20 | AP63: No | AQ63: OK | AR63: Missing Resolution Time | AS63: OK | AT63: OK | AU63: OK | AV63: No | AX63: 18–35 | AY63: 30–45 min | BA63: $10–30
A64: tk_1062 | B64: TCK-1062 | C64: P-468 | D64: V-2017 | E64: unknown | G64: Female | H64: Iraq | I64: Basra | J64: Pharmacy | K64: Care Clinic | L64: Care Clinic | M64: ER | N64: Walk-in | O64: Medical | P64: Wrong appointment | Q64: مشكلة في الفاتورة | R64: Billing Issue | S64: 2025-02-26 | T64: YYYY-MM-DD | U64: 45714 | V64: 1h | W64: 60 | X64: -1 | AC64: Escalated | AD64: Critical | AE64: Level 1 | AF64: 1 | AG64: Lina | AH64: Referred | AI64: good | AJ64: Good | AN64: 10 | AO64: 10 | AP64: No | AQ64: OK | AR64: OK | AS64: OK | AT64: OK | AU64: OK | AY64: 46–60 min | BA64: $10–30
A65: TCK-1063 | B65: TCK-1063 | D65: V-2904 | E65: unknown | G65: Male | H65: Iraq | I65: Baghdad | J65: Pharmacy | K65: Al Noor Hosp. | L65: Al Noor Hospital | M65: Lab | N65: WhatsApp | O65: Technical | P65: System down | Q65: waiting too long | R65: Long Wait Time | S65: 04-27-25 | T65: MM-DD-YY | U65: 45774 | V65: 30 min | W65: 30 | X65: 48 | Y65: 48 | AC65: Resolved | AD65: Low | AE65: 3 | AF65: 3 | AG65: Hassan | AH65: Solved | AI65: good | AJ65: Good | AK65: No | AL65: bad experience | AN65: 100 USD | AO65: 100 | AP65: Yes | AQ65: Missing Resolved Date | AR65: OK | AS65: OK | AT65: Review | AU65: OK | AW65: 48 | AY65: 30–45 min | AZ65: 25–48 hrs | BA65: $61–100
A66: 1064 | B66: TCK-1064 | D66: V-7698 | E66: ~30 | F66: 30 | G66: Female | H66: Lebanon | I66: Saida | J66: Mobile Unit | K66: HealthPlus | L66: HealthPlus | M66: Lab | N66: Email | O66: Admin | P66: Billing error | Q66: waiting too long | R66: Long Wait Time | S66: 06-24-25 | T66: MM-DD-YY | U66: 45832 | V66: 1h | W66: 60 | X66: 1 day | Y66: 24 | AC66: Resolved | AD66: Medium | AE66: 1 | AF66: 1 | AG66: Ali | AH66: Solved | AI66: 3 | AJ66: Neutral | AK66: No | AL66: good service | AM66: Positive Feedback | AN66: 100 USD | AO66: 100 | AP66: No | AQ66: Missing Resolved Date | AR66: OK | AS66: OK | AT66: OK | AU66: OK | AW66: 24 | AX66: 18–35 | AY66: 46–60 min | AZ66: 9–24 hrs | BA66: $61–100
A67: 1065 | B67: TCK-1065 | C67: P-293 | E67: 79 | F67: 79 | G67: Female | H67: Egypt | I67: Cairo | J67: Clinic | K67: Al Noor Hosp. | L67: Al Noor Hospital | M67: ER | N67: Web | O67: Complaint | P67: System down | S67: 06-03-25 | T67: MM-DD-YY | U67: 45811 | V67: 30 min | W67: 30 | X67: 5 hours | Y67: 5 | AC67: Closed | AD67: Medium | AE67: 0 | AF67: 0 | AG67: Omar | AH67: Duplicate | AI67: 2 | AJ67: Bad | AL67: bad experience | AN67: 50 | AO67: 50 | AP67: No | AQ67: Missing Resolved Date | AR67: OK | AS67: OK | AT67: OK | AU67: OK | AW67: 5 | AX67: 66+ | AY67: 30–45 min | AZ67: 5–8 hrs | BA67: $31–60
A68: 1066 | B68: TCK-1066 | C68: P-381 | E68: unknown | G68: Male | H68: Jordan | I68: Zarqa | J68: Mobile Unit | K68: HealthPlus | L68: HealthPlus | M68: Reception | N68: Walk-in | O68: Admin | P68: System down | Q68: الدكتور لم يحضر | R68: Doctor Did Not Attend | S68: 08/02/2025 | T68: DD/MM/YYYY | U68: 45696 | V68: 2 hours | W68: 120 | X68: 5 hours | Y68: 5 | Z68: 18/05/2025 | AA68: DD/MM/YYYY | AB68: 45795 | AC68: Pending | AD68: Medium | AE68: 2 | AF68: 2 | AG68: Omar | AH68: Dropped | AI68: 1 | AJ68: Bad | AL68: الدكتور لم يحضر | AM68: Doctor Unavailable | AN68: ~30 | AO68: 30 | AP68: No | AQ68: Status Mismatch | AR68: Resolution Time Exists Before Closure | AS68: Dropped Ticket Still Active | AT68: OK | AU68: OK | AV68: No | AY68: 91–120 min | BA68: $10–30
A69: tk_1067 | B69: TCK-1067 | D69: V-7079 | E69: ~30 | F69: 30 | G69: Female | H69: Jordan | I69: Zarqa | J69: Hospital | K69: Care Clinic | L69: Care Clinic | M69: Lab | N69: Web | O69: Technical | P69: Billing error | Q69: billing not clear | R69: Billing Issue | S69: 2025-01-19 | T69: YYYY-MM-DD | U69: 45676 | V69: 1h | W69: 60 | X69: -1 | AC69: Open | AD69: Medium | AE69: 1 | AF69: 1 | AG69: Sara | AH69: Dropped | AI69: 2 | AJ69: Bad | AN69: 20 | AO69: 20 | AP69: No | AQ69: OK | AR69: OK | AS69: Dropped Ticket Still Active | AT69: OK | AU69: OK | AX69: 18–35 | AY69: 46–60 min | BA69: $10–30
A70: tk_1068 | B70: TCK-1068 | E70: ~30 | F70: 30 | G70: Female | H70: Jordan | I70: Irbid | J70: Pharmacy | K70: Al Noor Hosp. | L70: Al Noor Hospital | M70: Lab | N70: Walk-in | O70: Inquiry | P70: Prescription issue | Q70: billing not clear | R70: Billing Issue | S70: 22/03/2025 | T70: DD/MM/YYYY | U70: 45738 | V70: 30 min | W70: 30 | X70: 48 | Y70: 48 | Z70: 02-26-25 | AA70: MM-DD-YY | AB70: 45714 | AC70: Open | AD70: High | AE70: Level 1 | AF70: 1 | AG70: John | AH70: Duplicate | AI70: 2 | AJ70: Bad | AK70: No | AL70: الخدمة سيئة | AM70: Negative Feedback | AN70: 50 | AO70: 50 | AP70: Yes | AQ70: Status Mismatch | AR70: Resolution Time Exists Before Closure | AS70: Duplicate Ticket Still Active | AT70: OK | AU70: OK | AV70: Yes | AX70: 18–35 | AY70: 30–45 min | BA70: $31–60
A71: 1069 | B71: TCK-1069 | D71: V-8550 | E71: 46 | F71: 46 | G71: Female | H71: Egypt | I71: Alexandria | J71: Pharmacy | K71: Alnoor Hospital | L71: Al Noor Hospital | M71: Reception | N71: Phone | O71: Technical | P71: Billing error | S71: 01-20-25 | T71: MM-DD-YY | U71: 45677 | V71: 30 min | W71: 30 | X71: 2h | Y71: 2 | Z71: 2025-04-16 | AA71: YYYY-MM-DD | AB71: 45763 | AC71: Open | AD71: Medium | AE71: 0 | AF71: 0 | AG71: Lina | AH71: Dropped | AI71: 3 | AJ71: Neutral | AK71: Yes | AN71: 100 USD | AO71: 100 | AP71: No | AQ71: Status Mismatch | AR71: Resolution Time Exists Before Closure | AS71: Dropped Ticket Still Active | AT71: OK | AU71: OK | AV71: No | AX71: 36–50 | AY71: 30–45 min | BA71: $61–100
A72: TCK-1070 | B72: TCK-1070 | E72: ~30 | F72: 30 | G72: Female | H72: Egypt | I72: Cairo | J72: Clinic | K72: Al Noor Hosp. | L72: Al Noor Hospital | M72: ER | N72: Web | O72: Inquiry | P72: Long wait time | Q72: تأخير في الخدمة | R72: Service Delay | S72: 02-19-25 | T72: MM-DD-YY | U72: 45707 | V72: 45 | W72: 45 | X72: 1 day | Y72: 24 | Z72: 10/03/2025 | AA72: DD/MM/YYYY | AB72: 45726 | AC72: Pending | AD72: Critical | AE72: 3 | AF72: 3 | AG72: Lina | AH72: Referred | AI72: 3 | AJ72: Neutral | AK72: Yes | AL72: good service | AM72: Positive Feedback | AN72: 10 | AO72: 10 | AP72: Yes | AQ72: Status Mismatch | AR72: Resolution Time Exists Before Closure | AS72: OK | AT72: OK | AU72: OK | AV72: No | AX72: 18–35 | AY72: 30–45 min | BA72: $10–30
A73: tk_1071 | B73: TCK-1071 | C73: P-109 | E73: ~30 | F73: 30 | G73: Male | H73: Egypt | I73: Giza | J73: Hospital | K73: Al Noor Hosp. | L73: Al Noor Hospital | M73: Pharmacy | N73: WhatsApp | O73: Technical | P73: System down | Q73: الخدمة سيئة | R73: Poor Service | S73: 2025-03-11 | T73: YYYY-MM-DD | U73: 45727 | V73: 30 min | W73: 30 | X73: 1 day | Y73: 24 | Z73: 05-20-25 | AA73: MM-DD-YY | AB73: 45797 | AC73: Closed | AD73: High | AE73: 0 | AF73: 0 | AG73: Lina | AH73: Referred | AI73: bad | AJ73: Good | AK73: No | AL73: good service | AM73: Positive Feedback | AN73: 10 | AO73: 10 | AP73: No | AQ73: OK | AR73: OK | AS73: OK | AT73: Review | AU73: OK | AV73: No | AW73: 24 | AX73: 18–35 | AY73: 30–45 min | AZ73: 9–24 hrs | BA73: $10–30
A74: 1072 | B74: TCK-1072 | C74: P-873 | E74: 7 | F74: 7 | G74: Female | H74: Jordan | I74: Irbid | J74: Clinic | K74: Al Noor Hosp. | L74: Al Noor Hospital | M74: Billing | N74: Web | O74: Technical | P74: Wrong appointment | Q74: الدكتور لم يحضر | R74: Doctor Did Not Attend | S74: 12/04/2025 | T74: DD/MM/YYYY | U74: 45759 | V74: 30 min | W74: 30 | X74: 1 day | Y74: 24 | Z74: 26/04/2025 | AA74: DD/MM/YYYY | AB74: 45773 | AC74: Pending | AD74: Critical | AE74: 3 | AF74: 3 | AG74: Omar | AH74: Dropped | AI74: 1 | AJ74: Bad | AN74: 50 | AO74: 50 | AP74: Yes | AQ74: Status Mismatch | AR74: Resolution Time Exists Before Closure | AS74: Dropped Ticket Still Active | AT74: OK | AU74: OK | AV74: No | AX74: 0–17 | AY74: 30–45 min | BA74: $31–60
A75: tk_1073 | B75: TCK-1073 | D75: V-6909 | E75: 12 | F75: 12 | G75: Male | H75: Lebanon | I75: Beirut | J75: Pharmacy | K75: Care Clinic | L75: Care Clinic | M75: Billing | N75: Phone | O75: Inquiry | P75: Billing error | Q75: need help | R75: Need Help | S75: 17/02/2025 | T75: DD/MM/YYYY | U75: 45705 | V75: 2 hours | W75: 120 | X75: 48 | Y75: 48 | AC75: Open | AD75: Low | AE75: 0 | AF75: 0 | AG75: Maya | AH75: Solved | AI75: 5 | AJ75: Good | AL75: bad experience | AN75: 50 | AO75: 50 | AP75: No | AQ75: OK | AR75: Resolution Time Exists Before Closure | AS75: Solved Ticket Still Active | AT75: OK | AU75: OK | AX75: 0–17 | AY75: 91–120 min | BA75: $31–60
A76: tk_1074 | B76: TCK-1074 | C76: P-633 | D76: V-7237 | E76: unknown | G76: Male | H76: Lebanon | I76: Tripoli | J76: Mobile Unit | K76: HealthPlus | L76: HealthPlus | M76: Pharmacy | N76: Phone | O76: Inquiry | P76: System down | S76: 12/03/2025 | T76: DD/MM/YYYY | U76: 45728 | V76: 45 | W76: 45 | X76: -1 | AC76: Closed | AD76: Critical | AE76: Level 1 | AF76: 1 | AG76: Lina | AH76: Dropped | AI76: 1 | AJ76: Bad | AK76: No | AL76: bad experience | AN76: 50 | AO76: 50 | AP76: Yes | AQ76: Missing Resolved Date | AR76: Missing Resolution Time | AS76: OK | AT76: OK | AU76: OK | AY76: 30–45 min | BA76: $31–60
A77: 1075 | B77: TCK-1075 | C77: P-935 | E77: ~30 | F77: 30 | G77: Female | H77: Egypt | I77: Giza | J77: Pharmacy | K77: Care Clinic | L77: Care Clinic | M77: Pharmacy | N77: Email | O77: Medical | P77: Prescription issue | Q77: billing not clear | R77: Billing Issue | S77: 06-27-25 | T77: MM-DD-YY | U77: 45835 | V77: 2 hours | W77: 120 | X77: 48 | Y77: 48 | AC77: Pending | AD77: Critical | AE77: 2 | AF77: 2 | AG77: Sara | AH77: Referred | AI77: 5 | AJ77: Good | AN77: 20 | AO77: 20 | AP77: Yes | AQ77: OK | AR77: Resolution Time Exists Before Closure | AS77: OK | AT77: OK | AU77: OK | AX77: 18–35 | AY77: 91–120 min | BA77: $10–30
A78: 1076 | B78: TCK-1076 | E78: unknown | G78: Female | H78: Egypt | I78: Alexandria | J78: Pharmacy | K78: HealthPlus | L78: HealthPlus | M78: ER | N78: Email | O78: Technical | P78: System down | S78: 30/05/2025 | T78: DD/MM/YYYY | U78: 45807 | V78: 2 hours | W78: 120 | X78: 48 | Y78: 48 | Z78: 10/01/2025 | AA78: DD/MM/YYYY | AB78: 45667 | AC78: Open | AD78: Medium | AE78: 2 | AF78: 2 | AG78: Omar | AH78: Solved | AI78: 5 | AJ78: Good | AK78: No | AL78: good service | AM78: Positive Feedback | AN78: 50 | AO78: 50 | AP78: No | AQ78: Status Mismatch | AR78: Resolution Time Exists Before Closure | AS78: Solved Ticket Still Active | AT78: OK | AU78: OK | AV78: Yes | AY78: 91–120 min | BA78: $31–60
A79: 1077 | B79: TCK-1077 | D79: V-8586 | E79: 45 | F79: 45 | G79: Female | H79: Lebanon | I79: Beirut | J79: Hospital | K79: Care Clinic | L79: Care Clinic | M79: Lab | N79: Phone | O79: Complaint | P79: Missing record | Q79: billing not clear | R79: Billing Issue | S79: 06/02/2025 | T79: DD/MM/YYYY | U79: 45694 | V79: 45 | W79: 45 | X79: 1 day | Y79: 24 | AC79: Pending | AD79: Critical | AE79: 0 | AF79: 0 | AG79: Fatima | AH79: Dropped | AI79: 3 | AJ79: Neutral | AK79: Yes | AL79: bad experience | AN79: 50 | AO79: 50 | AP79: Yes | AQ79: OK | AR79: Resolution Time Exists Before Closure | AS79: Dropped Ticket Still Active | AT79: Review | AU79: OK | AX79: 36–50 | AY79: 30–45 min | BA79: $31–60
A80: tk_1078 | B80: TCK-1078 | C80: P-278 | E80: 60 | F80: 60 | G80: Female | H80: Lebanon | I80: Beirut | J80: Clinic | K80: Alnoor Hospital | L80: Al Noor Hospital | M80: Lab | N80: Email | O80: Complaint | P80: Missing record | Q80: waiting too long | R80: Long Wait Time | S80: 2025-06-07 | T80: YYYY-MM-DD | U80: 45815 | V80: 2 hours | W80: 120 | X80: 48 | Y80: 48 | Z80: 20/04/2025 | AA80: DD/MM/YYYY | AB80: 45767 | AC80: Resolved | AD80: Medium | AE80: 1 | AF80: 1 | AG80: Hassan | AH80: Solved | AI80: 5 | AJ80: Good | AK80: Yes | AL80: bad experience | AN80: 100 USD | AO80: 100 | AP80: Yes | AQ80: OK | AR80: OK | AS80: OK | AT80: OK | AU80: OK | AV80: Yes | AW80: 48 | AX80: 51–65 | AY80: 91–120 min | AZ80: 25–48 hrs | BA80: $61–100
A81: tk_1079 | B81: TCK-1079 | E81: unknown | G81: Female | H81: Iraq | I81: Basra | J81: Pharmacy | K81: Al Noor Hosp. | L81: Al Noor Hospital | M81: Billing | N81: Walk-in | O81: Admin | P81: Wrong appointment | S81: 02-14-25 | T81: MM-DD-YY | U81: 45702 | V81: 45 | W81: 45 | X81: 48 | Y81: 48 | Z81: 2025-06-01 | AA81: YYYY-MM-DD | AB81: 45809 | AC81: Pending | AD81: Low | AE81: 1 | AF81: 1 | AG81: Hassan | AH81: Solved | AI81: 2 | AJ81: Bad | AK81: Yes | AN81: 20 | AO81: 20 | AP81: No | AQ81: Status Mismatch | AR81: Resolution Time Exists Before Closure | AS81: Solved Ticket Still Active | AT81: OK | AU81: OK | AV81: No | AY81: 30–45 min | BA81: $10–30
A82: TCK-1080 | B82: TCK-1080 | C82: P-598 | E82: 37 | F82: 37 | G82: Female | H82: Egypt | I82: Alexandria | J82: Mobile Unit | K82: HealthPlus | L82: HealthPlus | M82: Reception | N82: Phone | O82: Medical | P82: Billing error | Q82: الدكتور لم يحضر | R82: Doctor Did Not Attend | S82: 2025-05-05 | T82: YYYY-MM-DD | U82: 45782 | V82: 1h | W82: 60 | X82: -1 | AC82: Escalated | AD82: Critical | AE82: 3 | AF82: 3 | AG82: Fatima | AH82: Dropped | AI82: 2 | AJ82: Bad | AK82: Yes | AL82: الخدمة سيئة | AM82: Negative Feedback | AN82: 100 USD | AO82: 100 | AP82: Yes | AQ82: OK | AR82: OK | AS82: Dropped Ticket Still Active | AT82: OK | AU82: OK | AX82: 36–50 | AY82: 46–60 min | BA82: $61–100
A83: TCK-1081 | B83: TCK-1081 | D83: V-9115 | E83: 74 | F83: 74 | G83: Male | H83: Jordan | I83: Zarqa | J83: Mobile Unit | K83: Al Noor Hosp. | L83: Al Noor Hospital | M83: Lab | N83: Web | O83: Inquiry | P83: System down | Q83: billing not clear | R83: Billing Issue | S83: 01-27-25 | T83: MM-DD-YY | U83: 45684 | V83: 1h | W83: 60 | X83: 1 day | Y83: 24 | AC83: Pending | AD83: Low | AE83: 3 | AF83: 3 | AG83: Sara | AH83: Referred | AI83: 2 | AJ83: Bad | AN83: 50 | AO83: 50 | AP83: No | AQ83: OK | AR83: Resolution Time Exists Before Closure | AS83: OK | AT83: Review | AU83: OK | AX83: 66+ | AY83: 46–60 min | BA83: $31–60
A84: tk_1082 | B84: TCK-1082 | D84: V-9827 | E84: ~30 | F84: 30 | G84: Male | H84: Jordan | I84: Irbid | J84: Mobile Unit | K84: Care Clinic | L84: Care Clinic | M84: Reception | N84: Phone | O84: Inquiry | P84: System down | Q84: need help | R84: Need Help | S84: 16/01/2025 | T84: DD/MM/YYYY | U84: 45673 | V84: 1h | W84: 60 | X84: 5 hours | Y84: 5 | AC84: Pending | AD84: Medium | AE84: 3 | AF84: 3 | AG84: Fatima | AH84: Referred | AI84: 5 | AJ84: Good | AK84: Yes | AL84: good service | AM84: Positive Feedback | AN84: ~30 | AO84: 30 | AP84: No | AQ84: OK | AR84: Resolution Time Exists Before Closure | AS84: OK | AT84: OK | AU84: OK | AX84: 18–35 | AY84: 46–60 min | BA84: $10–30
A85: 1083 | B85: TCK-1083 | D85: V-1040 | E85: ~30 | F85: 30 | G85: Male | H85: Egypt | I85: Cairo | J85: Hospital | K85: HealthPlus | L85: HealthPlus | M85: Pharmacy | N85: Email | O85: Inquiry | P85: System down | S85: 10/03/2025 | T85: DD/MM/YYYY | U85: 45726 | V85: 45 | W85: 45 | X85: 1 day | Y85: 24 | Z85: 05-21-25 | AA85: MM-DD-YY | AB85: 45798 | AC85: Resolved | AD85: Critical | AE85: 2 | AF85: 2 | AG85: Ali | AH85: Solved | AI85: 1 | AJ85: Bad | AK85: No | AN85: 10 | AO85: 10 | AP85: Yes | AQ85: OK | AR85: OK | AS85: OK | AT85: OK | AU85: OK | AV85: No | AW85: 24 | AX85: 18–35 | AY85: 30–45 min | AZ85: 9–24 hrs | BA85: $10–30
A86: tk_1084 | B86: TCK-1084 | E86: ~30 | F86: 30 | G86: Male | H86: Jordan | I86: Zarqa | J86: Mobile Unit | K86: Al Noor Hosp. | L86: Al Noor Hospital | M86: Billing | N86: WhatsApp | O86: Complaint | P86: System down | Q86: waiting too long | R86: Long Wait Time | S86: 10/06/2025 | T86: DD/MM/YYYY | U86: 45818 | V86: 1h | W86: 60 | X86: -1 | Z86: 2025-06-17 | AA86: YYYY-MM-DD | AB86: 45825 | AC86: Open | AD86: Medium | AE86: 3 | AF86: 3 | AG86: Sara | AH86: Referred | AI86: 5 | AJ86: Good | AK86: No | AL86: bad experience | AN86: 100 USD | AO86: 100 | AP86: No | AQ86: Status Mismatch | AR86: OK | AS86: OK | AT86: OK | AU86: OK | AV86: No | AX86: 18–35 | AY86: 46–60 min | BA86: $61–100
A87: 1085 | B87: TCK-1085 | C87: P-172 | D87: V-7276 | E87: 14 | F87: 14 | G87: Male | H87: Lebanon | I87: Beirut | J87: Mobile Unit | K87: Care Clinic | L87: Care Clinic | M87: Pharmacy | N87: Email | O87: Inquiry | P87: Missing record | Q87: waiting too long | R87: Long Wait Time | S87: 2025-06-23 | T87: YYYY-MM-DD | U87: 45831 | V87: 30 min | W87: 30 | X87: 48 | Y87: 48 | Z87: 2025-05-25 | AA87: YYYY-MM-DD | AB87: 45802 | AC87: Escalated | AD87: High | AE87: 1 | AF87: 1 | AG87: Omar | AH87: Dropped | AI87: 5 | AJ87: Good | AK87: No | AL87: bad experience | AN87: 20 | AO87: 20 | AP87: Yes | AQ87: Status Mismatch | AR87: Resolution Time Exists Before Closure | AS87: Dropped Ticket Still Active | AT87: OK | AU87: OK | AV87: Yes | AX87: 0–17 | AY87: 30–45 min | BA87: $10–30
A88: 1086 | B88: TCK-1086 | C88: P-422 | E88: 83 | F88: 83 | G88: Female | H88: Lebanon | I88: Bekaa | J88: Mobile Unit | K88: Al Noor Hosp. | L88: Al Noor Hospital | M88: Billing | N88: WhatsApp | O88: Technical | P88: Wrong appointment | Q88: تأخير في الخدمة | R88: Service Delay | S88: 2025-05-11 | T88: YYYY-MM-DD | U88: 45788 | V88: 2 hours | W88: 120 | X88: 1 day | Y88: 24 | Z88: 2025-06-15 | AA88: YYYY-MM-DD | AB88: 45823 | AC88: Escalated | AD88: Critical | AE88: 0 | AF88: 0 | AG88: Lina | AH88: Dropped | AI88: good | AJ88: Good | AN88: 10 | AO88: 10 | AP88: Yes | AQ88: Status Mismatch | AR88: Resolution Time Exists Before Closure | AS88: Dropped Ticket Still Active | AT88: Review | AU88: OK | AV88: No | AX88: 66+ | AY88: 91–120 min | BA88: $10–30
A89: tk_1087 | B89: TCK-1087 | C89: P-799 | D89: V-8717 | E89: ~30 | F89: 30 | G89: Male | H89: Iraq | I89: Basra | J89: Hospital | K89: Care Clinic | L89: Care Clinic | M89: Pharmacy | N89: Phone | O89: Complaint | P89: System down | S89: 10/05/2025 | T89: DD/MM/YYYY | U89: 45787 | V89: 2 hours | W89: 120 | X89: -1 | Z89: 29/06/2025 | AA89: DD/MM/YYYY | AB89: 45837 | AC89: Resolved | AD89: Medium | AE89: 2 | AF89: 2 | AG89: Sara | AH89: Duplicate | AI89: 1 | AJ89: Bad | AN89: 20 | AO89: 20 | AP89: Yes | AQ89: OK | AR89: Missing Resolution Time | AS89: OK | AT89: OK | AU89: OK | AV89: No | AX89: 18–35 | AY89: 91–120 min | BA89: $10–30
A90: TCK-1088 | B90: TCK-1088 | C90: P-350 | D90: V-8118 | E90: ~30 | F90: 30 | G90: Female | H90: Iraq | I90: Basra | J90: Hospital | K90: Care Clinic | L90: Care Clinic | M90: Pharmacy | N90: Phone | O90: Complaint | P90: Missing record | Q90: billing not clear | R90: Billing Issue | S90: 02-05-25 | T90: MM-DD-YY | U90: 45693 | V90: 30 min | W90: 30 | X90: 5 hours | Y90: 5 | AC90: Closed | AD90: High | AE90: 1 | AF90: 1 | AG90: Hassan | AH90: Solved | AI90: bad | AJ90: Good | AK90: Yes | AL90: bad experience | AN90: 50 | AO90: 50 | AP90: No | AQ90: Missing Resolved Date | AR90: OK | AS90: OK | AT90: OK | AU90: OK | AW90: 5 | AX90: 18–35 | AY90: 30–45 min | AZ90: 5–8 hrs | BA90: $31–60
A91: 1089 | B91: TCK-1089 | E91: 73 | F91: 73 | G91: Male | H91: Iraq | I91: Mosul | J91: Clinic | K91: Care Clinic | L91: Care Clinic | M91: ER | N91: Web | O91: Complaint | P91: Long wait time | Q91: billing not clear | R91: Billing Issue | S91: 2025-05-11 | T91: YYYY-MM-DD | U91: 45788 | V91: 30 min | W91: 30 | X91: 2h | Y91: 2 | AC91: Pending | AD91: Critical | AE91: 1 | AF91: 1 | AG91: Omar | AH91: Solved | AI91: 5 | AJ91: Good | AK91: No | AL91: تأخير في الخدمة | AM91: Service Delay | AN91: 20 | AO91: 20 | AP91: No | AQ91: OK | AR91: Resolution Time Exists Before Closure | AS91: Solved Ticket Still Active | AT91: OK | AU91: OK | AX91: 66+ | AY91: 30–45 min | BA91: $10–30
A92: TCK-1090 | B92: TCK-1090 | C92: P-614 | D92: V-3938 | E92: 67 | F92: 67 | G92: Female | H92: Jordan | I92: Zarqa | J92: Hospital | K92: HealthPlus | L92: HealthPlus | M92: Billing | N92: Walk-in | O92: Medical | P92: Billing error | Q92: billing not clear | R92: Billing Issue | S92: 22/05/2025 | T92: DD/MM/YYYY | U92: 45799 | V92: 30 min | W92: 30 | X92: 1 day | Y92: 24 | AC92: Resolved | AD92: Medium | AE92: 3 | AF92: 3 | AG92: Maya | AH92: Dropped | AI92: bad | AJ92: Good | AK92: No | AN92: 100 USD | AO92: 100 | AP92: Yes | AQ92: Missing Resolved Date | AR92: OK | AS92: OK | AT92: OK | AU92: OK | AW92: 24 | AX92: 66+ | AY92: 30–45 min | AZ92: 9–24 hrs | BA92: $61–100
A93: tk_1091 | B93: TCK-1091 | C93: P-959 | D93: V-6488 | E93: unknown | G93: Male | H93: Jordan | I93: Amman | J93: Hospital | K93: Alnoor Hospital | L93: Al Noor Hospital | M93: Reception | N93: WhatsApp | O93: Admin | P93: System down | Q93: waiting too long | R93: Long Wait Time | S93: 2025-01-16 | T93: YYYY-MM-DD | U93: 45673 | V93: 45 | W93: 45 | X93: 2h | Y93: 2 | AC93: Resolved | AD93: High | AE93: 3 | AF93: 3 | AG93: Sara | AH93: Solved | AI93: 5 | AJ93: Good | AK93: No | AN93: ~30 | AO93: 30 | AP93: Yes | AQ93: Missing Resolved Date | AR93: OK | AS93: OK | AT93: OK | AU93: OK | AW93: 2 | AY93: 30–45 min | AZ93: ≤4 hrs | BA93: $10–30
A94: 1092 | B94: TCK-1092 | E94: unknown | G94: Female | H94: Lebanon | I94: Saida | J94: Hospital | K94: Alnoor Hospital | L94: Al Noor Hospital | M94: Pharmacy | N94: Web | O94: Complaint | P94: Long wait time | Q94: need help | R94: Need Help | S94: 2025-01-28 | T94: YYYY-MM-DD | U94: 45685 | V94: 2 hours | W94: 120 | X94: -1 | Z94: 22/03/2025 | AA94: DD/MM/YYYY | AB94: 45738 | AC94: Resolved | AD94: High | AE94: 1 | AF94: 1 | AG94: Fatima | AH94: Duplicate | AI94: 4 | AJ94: Good | AK94: Yes | AN94: 10 | AO94: 10 | AP94: Yes | AQ94: OK | AR94: Missing Resolution Time | AS94: OK | AT94: OK | AU94: OK | AV94: No | AY94: 91–120 min | BA94: $10–30
A95: 1093 | B95: TCK-1093 | C95: P-251 | E95: ~30 | F95: 30 | G95: Male | H95: Jordan | I95: Irbid | J95: Mobile Unit | K95: Care Clinic | L95: Care Clinic | M95: Pharmacy | N95: Phone | O95: Admin | P95: System down | Q95: مشكلة في الفاتورة | R95: Billing Issue | S95: 05-23-25 | T95: MM-DD-YY | U95: 45800 | V95: 1h | W95: 60 | X95: 2h | Y95: 2 | Z95: 2025-04-29 | AA95: YYYY-MM-DD | AB95: 45776 | AC95: Open | AD95: Low | AE95: 0 | AF95: 0 | AG95: Lina | AH95: Referred | AI95: 2 | AJ95: Bad | AK95: No | AL95: bad experience | AN95: 50 | AO95: 50 | AP95: Yes | AQ95: Status Mismatch | AR95: Resolution Time Exists Before Closure | AS95: OK | AT95: OK | AU95: OK | AV95: Yes | AX95: 18–35 | AY95: 46–60 min | BA95: $31–60
A96: TCK-1094 | B96: TCK-1094 | D96: V-3007 | E96: 60 | F96: 60 | G96: Female | H96: Iraq | I96: Baghdad | J96: Pharmacy | K96: HealthPlus | L96: HealthPlus | M96: Lab | N96: Phone | O96: Admin | P96: Missing record | Q96: waiting too long | R96: Long Wait Time | S96: 2025-04-20 | T96: YYYY-MM-DD | U96: 45767 | V96: 45 | W96: 45 | X96: 5 hours | Y96: 5 | AC96: Escalated | AD96: Medium | AE96: 0 | AF96: 0 | AG96: Lina | AH96: Duplicate | AI96: 4 | AJ96: Good | AK96: No | AL96: الدكتور لم يحضر | AM96: Doctor Unavailable | AN96: 100 USD | AO96: 100 | AP96: No | AQ96: OK | AR96: Resolution Time Exists Before Closure | AS96: Duplicate Ticket Still Active | AT96: OK | AU96: OK | AX96: 51–65 | AY96: 30–45 min | BA96: $61–100
A97: TCK-1095 | B97: TCK-1095 | C97: P-758 | D97: V-9907 | E97: ~30 | F97: 30 | G97: Male | H97: Lebanon | I97: Beirut | J97: Pharmacy | K97: HealthPlus | L97: HealthPlus | M97: Billing | N97: Web | O97: Technical | P97: Prescription issue | S97: 10/04/2025 | T97: DD/MM/YYYY | U97: 45757 | V97: 1h | W97: 60 | X97: 2h | Y97: 2 | Z97: 03-23-25 | AA97: MM-DD-YY | AB97: 45739 | AC97: Open | AD97: High | AE97: 0 | AF97: 0 | AG97: Fatima | AH97: Duplicate | AI97: bad | AJ97: Good | AL97: الدكتور لم يحضر | AM97: Doctor Unavailable | AN97: 20 | AO97: 20 | AP97: Yes | AQ97: Status Mismatch | AR97: Resolution Time Exists Before Closure | AS97: Duplicate Ticket Still Active | AT97: Review | AU97: OK | AV97: Yes | AX97: 18–35 | AY97: 46–60 min | BA97: $10–30
A98: tk_1096 | B98: TCK-1096 | D98: V-6813 | E98: 23 | F98: 23 | G98: Female | H98: Lebanon | I98: Bekaa | J98: Mobile Unit | K98: Care Clinic | L98: Care Clinic | M98: Reception | N98: Phone | O98: Medical | P98: Wrong appointment | Q98: billing not clear | R98: Billing Issue | S98: 2025-05-25 | T98: YYYY-MM-DD | U98: 45802 | V98: 1h | W98: 60 | X98: -1 | Z98: 19/05/2025 | AA98: DD/MM/YYYY | AB98: 45796 | AC98: Escalated | AD98: Low | AE98: 0 | AF98: 0 | AG98: Ali | AH98: Referred | AI98: 5 | AJ98: Good | AK98: No | AL98: bad experience | AN98: 10 | AO98: 10 | AP98: No | AQ98: Status Mismatch | AR98: OK | AS98: OK | AT98: OK | AU98: OK | AV98: Yes | AX98: 18–35 | AY98: 46–60 min | BA98: $10–30
A99: 1097 | B99: TCK-1097 | C99: P-160 | D99: V-3420 | E99: ~30 | F99: 30 | G99: Male | H99: Lebanon | I99: Tripoli | J99: Hospital | K99: Care Clinic | L99: Care Clinic | M99: Lab | N99: Web | O99: Complaint | P99: Prescription issue | Q99: need help | R99: Need Help | S99: 19/03/2025 | T99: DD/MM/YYYY | U99: 45735 | V99: 1h | W99: 60 | X99: 5 hours | Y99: 5 | AC99: Resolved | AD99: High | AE99: 1 | AF99: 1 | AH99: Duplicate | AI99: 2 | AJ99: Bad | AL99: bad experience | AN99: 20 | AO99: 20 | AP99: No | AQ99: Missing Resolved Date | AR99: OK | AS99: OK | AT99: OK | AU99: Review | AW99: 5 | AX99: 18–35 | AY99: 46–60 min | AZ99: 5–8 hrs | BA99: $10–30
A100: tk_1098 | B100: TCK-1098 | D100: V-1530 | E100: unknown | G100: Female | H100: Iraq | I100: Mosul | J100: Clinic | K100: Al Noor Hosp. | L100: Al Noor Hospital | M100: Lab | N100: WhatsApp | O100: Medical | P100: Missing record | Q100: need help | R100: Need Help | S100: 2025-01-20 | T100: YYYY-MM-DD | U100: 45677 | V100: 45 | W100: 45 | X100: 1 day | Y100: 24 | Z100: 02-12-25 | AA100: MM-DD-YY | AB100: 45700 | AC100: Pending | AD100: High | AE100: 3 | AF100: 3 | AG100: Ali | AH100: Duplicate | AI100: 2 | AJ100: Bad | AK100: No | AL100: good service | AM100: Positive Feedback | AN100: 10 | AO100: 10 | AP100: No | AQ100: Status Mismatch | AR100: Resolution Time Exists Before Closure | AS100: Duplicate Ticket Still Active | AT100: OK | AU100: OK | AV100: No | AY100: 30–45 min | BA100: $10–30
...

Sheet EDA
B1: First Response Time | C1: Resolution Time | D1: Patient Age | E1: Cost_estimate
A2: Minimum | B2: =MIN('Clean Data'!W:W) -> 30 | C2: =MIN('Clean Data'!AW:AW) -> 2 | D2: =MIN('Clean Data'!F:F) -> 1 | E2: =MIN('Clean Data'!AO:AO) -> 10
A3: Maximum | B3: =MAX('Clean Data'!W:W) -> 120 | C3: =MAX('Clean Data'!AW:AW) -> 48 | D3: =MAX('Clean Data'!F:F) -> 90 | E3: =MAX(('Clean Data'!AO:AO)) -> 100
A4: Average | B4: =AVERAGE('Clean Data'!W:W) -> 64.967143 | C4: =AVERAGE(('Clean Data'!AW:AW)) -> 19.526638 | D4: =AVERAGE('Clean Data'!F:F) -> 38.298641 | E4: =AVERAGE(('Clean Data'!AO:AO)) -> 41.908571
A5: Median | B5: =MEDIAN('Clean Data'!W:W) -> 60 | C5: =MEDIAN('Clean Data'!AW:AW) -> 5 | D5: =MEDIAN('Clean Data'!F:F) -> 30 | E5: =MEDIAN(('Clean Data'!AO:AO)) -> 30
A6: Valid Records | B6: =COUNT('Clean Data'!W:W) -> 3500 | C6: =COUNT('Clean Data'!AW:AW) -> 1145 | D6: =COUNT('Clean Data'!F:F) -> 2354 | E6: =COUNT(('Clean Data'!AO:AO)) -> 3500
A7: Total | E7: =SUM(('Clean Data'!AO:AO)) -> 146680

Sheet Charts
A45: Ticket Issue | B45: Cost Total | C45: Cumulative Cost
A46: ='Cost vs Ticket Description'!A4 -> Billing Issue | B46: ='Cost vs Ticket Description'!B4 -> 35250 | C46: =B46/$B$52*100 -> 30.551222
A47: ='Cost vs Ticket Description'!A5 -> Long Wait Time | B47: ='Cost vs Ticket Description'!B5 -> 29390 | C47: =B47/$B$52*100 -> 25.472352
A48: ='Cost vs Ticket Description'!A6 -> Need Help | B48: ='Cost vs Ticket Description'!B6 -> 28090 | C48: =B48/$B$52*100 -> 24.34564
A49: ='Cost vs Ticket Description'!A7 -> Poor Service | B49: ='Cost vs Ticket Description'!B7 -> 7910 | C49: =B49/$B$52*100 -> 6.8556076
A50: ='Cost vs Ticket Description'!A8 -> Service Delay | B50: ='Cost vs Ticket Description'!B8 -> 7470 | C50: =B50/$B$52*100 -> 6.474259
A51: ='Cost vs Ticket Description'!A9 -> Doctor No Show | B51: ='Cost vs Ticket Description'!B9 -> 7270 | C51: =B51/$B$52*100 -> 6.3009187
A52: ='Cost vs Ticket Description'!A10 -> Grand Total | B52: ='Cost vs Ticket Description'!B10 -> 115380 | C52: =SUM((C46:C51)) -> 100

Sheet Refresh_Log
A1: Refresh Time
A2: 46233.528

Sheet Create_Date Analysis
A3: Row Labels | B3: Count of Ticket_ID_Clean
A4: Jan | B4: 582 | F4: Month | G4: Minimum | H4: Maximum
A5: Feb | B5: 587 | F5: Jan | G5: 10 | H5: 27
A6: Mar | B6: 571 | F6: Feb | G6: 15 | H6: 30
A7: Apr | B7: 589 | F7: March | G7: 11 | H7: 36
A8: May | B8: 588 | F8: April | G8: 10 | H8: 26
A9: Jun | B9: 583 | F9: May | G9: 6 | H9: 29
A10: Grand Total | B10: 3500 | F10: June | G10: 11 | H10: 33

Sheet Country Distribution
A3: Row Labels | B3: Count of Ticket_ID_Clean
A4: Egypt | B4: 900
A5: Iraq | B5: 830
A6: Jordan | B6: 870
A7: Lebanon | B7: 900
A8: Grand Total | B8: 3500

Sheet Facility Distribution
A3: Row Labels | B3: Count of Ticket_ID_Clean
A4: Al Noor Hospital | B4: 1747
A5: Care Clinic | B5: 875
A6: HealthPlus | B6: 878
A7: Grand Total | B7: 3500

Sheet Channel Distribution
A3: Row Labels | B3: Count of Ticket_ID_Clean
A4: Email | B4: 730
A5: Phone | B5: 704
A6: Walk-in | B6: 685
A7: Web | B7: 701
A8: WhatsApp | B8: 680
A9: Grand Total | B9: 3500

Sheet Status Distribution
A3: Row Labels | B3: Count of Ticket_ID_Clean
A4: Closed | B4: 484
A5: Escalated | B5: 506
A6: Open | B6: 524
A7: Pending | B7: 1005
A8: Resolved | B8: 981
A9: Grand Total | B9: 3500

Sheet Priority Distribution
A3: Row Labels | B3: Count of Ticket_ID_Clean
A4: Low | B4: 868
A5: High | B5: 855
A6: Critical | B6: 876
A7: Medium | B7: 901
A8: Grand Total | B8: 3500

Sheet Escalated_Tickets distribution
A3: Row Labels | B3: Count of Ticket_ID_Clean
A4: 0 | B4: 722
A5: 1 | B5: 1367
A6: 2 | B6: 668
A7: 3 | B7: 743
A8: Grand Total | B8: 3500

Sheet Ticket_Description Distribution
A3: Row Labels | B3: Count of Ticket_ID_Clean
A4: Poor Service | B4: 0.061981982
A5: Doctor Did Not Attend | B5: 0.063423423
A6: Service Delay | B6: 0.063423423
A7: Need Help | B7: 0.24684685
A8: Long Wait Time | B8: 0.25621622
A9: Billing Issue | B9: 0.30810811
A10: Grand Total | B10: 1

Sheet Satisfaction categories Distrib
A3: Row Labels | B3: Count of Ticket_ID_Clean
A4: Bad | B4: 0.28742857
A5: Good | B5: 0.57342857
A6: Neutral | B6: 0.13914286
A7: Grand Total | B7: 1

Sheet Tickets Gender Distribution
A3: Row Labels | B3: Count of Ticket_ID_Clean
A4: Female | B4: 2131
A5: Male | B5: 1369
A6: Grand Total | B6: 3500

Sheet First_Response_Groups Distrib.
A3: Row Labels | B3: Count of Ticket_ID_Clean
A4: 30–45 min | B4: 1703
A5: 46–60 min | B5: 870
A6: 91–120 min | B6: 927
A7: (blank)
A8: Grand Total | B8: 3500

Sheet Age Group Distribution
A3: Row Labels | B3: Count of Ticket_ID_Clean
A4: 0–17 | B4: 226
A5: (blank) | B5: 1146
A6: 18–35 | B6: 1378
A7: 66+ | B7: 337
A8: 51–65 | B8: 216
A9: 36–50 | B9: 197
A10: Grand Total | B10: 3500

Sheet Cost Estimate Distribution
A3: Row Labels | B3: Count of Ticket_ID_Clean
A4: $10–30 | B4: 2064
A5: $31–60 | B5: 759
A6: $61–100 | B6: 677
A7: (blank)
A8: Grand Total | B8: 3500

Sheet Resolution Time Groups
A3: Row Labels | B3: Count of Ticket_ID_Clean
A4: ≤4 hrs | B4: 0.25764192
A5: 25–48 hrs | B5: 0.2489083
A6: 5–8 hrs | B6: 0.25152838
A7: 9–24 hrs | B7: 0.2419214
A8: Grand Total | B8: 1

Sheet Country vs Ticket Description
A3: Count of Ticket_ID_Clean | B3: Column Labels
A4: Row Labels | B4: Billing Issue | C4: Long Wait Time | D4: Need Help | E4: Doctor Did Not Attend | F4: Service Delay | G4: Poor Service | H4: Grand Total
A5: Egypt | B5: 0.32621083 | C5: 0.26780627 | D5: 0.23076923 | E5: 0.064102564 | F5: 0.055555556 | G5: 0.055555556 | H5: 1
A6: Iraq | B6: 0.30627871 | C6: 0.26646248 | D6: 0.23277182 | E6: 0.065849923 | F6: 0.06431853 | G6: 0.06431853 | H6: 1
A7: Jordan | B7: 0.27930535 | C7: 0.29522431 | D7: 0.24746744 | E7: 0.054992764 | F7: 0.062228654 | G7: 0.060781476 | H7: 1
A8: Lebanon | B8: 0.31961591 | C8: 0.19890261 | D8: 0.27434842 | E8: 0.068587106 | F8: 0.07133059 | G8: 0.067215364 | H8: 1
A9: Grand Total | B9: 0.30810811 | C9: 0.25621622 | D9: 0.24684685 | E9: 0.063423423 | F9: 0.063423423 | G9: 0.061981982 | H9: 1

Sheet Facility vs Ticket Description
A3: Count of Ticket_ID_Clean | B3: Column Labels
A4: Row Labels | B4: Billing Issue | C4: Long Wait Time | D4: Need Help | E4: Doctor Did Not Attend | F4: Service Delay | G4: Poor Service | H4: Grand Total
A5: Al Noor Hospital | B5: 0.31186686 | C5: 0.26700434 | D5: 0.22503618 | E5: 0.060057887 | F5: 0.068017366 | G5: 0.068017366 | H5: 1
A6: HealthPlus | B6: 0.31465517 | C6: 0.24568966 | D6: 0.26293103 | E6: 0.061781609 | F6: 0.060344828 | G6: 0.054597701 | H6: 1
A7: Care Clinic | B7: 0.29411765 | C7: 0.24533716 | D7: 0.27403156 | E7: 0.071736011 | F7: 0.057388809 | G7: 0.057388809 | H7: 1
A8: Grand Total | B8: 0.30810811 | C8: 0.25621622 | D8: 0.24684685 | E8: 0.063423423 | F8: 0.063423423 | G8: 0.061981982 | H8: 1

Sheet Facility vs Frst Repsonse Time
A3: Count of Ticket_ID_Clean | B3: Column Labels
A4: Row Labels | B4: 30–45 min | C4: 91–120 min | D4: 46–60 min | E4: Grand Total
A5: Al Noor Hospital | B5: 0.48540355 | C5: 0.25529479 | D5: 0.25930166 | E5: 1
A6: Care Clinic | B6: 0.496 | C6: 0.26171429 | D6: 0.24228571 | E6: 1
A7: HealthPlus | B7: 0.47949886 | C7: 0.28701595 | D7: 0.23348519 | E7: 1
A8: Grand Total | B8: 0.48657143 | C8: 0.26485714 | D8: 0.24857143 | E8: 1

Sheet Facility vs Resolution Time 
A3: Count of Ticket_ID_Clean | B3: Column Labels
A4: Row Labels | B4: ≤4 hrs | C4: 5–8 hrs | D4: 25–48 hrs | E4: 9–24 hrs | F4: Grand Total
A5: Al Noor Hospital | B5: 0.25744308 | C5: 0.26444834 | D5: 0.23817863 | E5: 0.23992995 | F5: 1
A6: Care Clinic | B6: 0.24914676 | C6: 0.25938567 | D6: 0.24573379 | E6: 0.24573379 | F6: 1
A7: HealthPlus | B7: 0.26690391 | C7: 0.21708185 | D7: 0.27402135 | E7: 0.24199288 | F7: 1
A8: Grand Total | B8: 0.25764192 | C8: 0.25152838 | D8: 0.2489083 | E8: 0.2419214 | F8: 1

Sheet Facility vs Patient Satisfactio
A3: Count of Ticket_ID_Clean | B3: Column Labels
A4: Row Labels | B4: Good | C4: Bad | D4: Neutral | E4: Grand Total
A5: Al Noor Hospital | B5: 0.57698912 | C5: 0.28792215 | D5: 0.13508872 | E5: 1
A6: Care Clinic | B6: 0.58171429 | C6: 0.27428571 | D6: 0.144 | E6: 1
A7: HealthPlus | B7: 0.55808656 | C7: 0.29954442 | D7: 0.14236902 | E7: 1
A8: Grand Total | B8: 0.57342857 | C8: 0.28742857 | D8: 0.13914286 | E8: 1

Sheet Cost vs Ticket Description
A3: Row Labels | B3: Sum of Cost_Estimate_USD - Clean
A4: Billing Issue | B4: 35250
A5: Long Wait Time | B5: 29390
A6: Need Help | B6: 28090 | F6: Row Labels | G6: Count of Ticket_ID_Clean | H6: Average of Cost_Estimate_USD - Clean
A7: Poor Service | B7: 7910 | F7: Billing Issue | G7: 855 | H7: 41.22807
A8: Service Delay | B8: 7470 | F8: Doctor Did Not Attend | G8: 176 | H8: 41.306818
A9: Doctor No Show | B9: 7270 | F9: Long Wait Time | G9: 711 | H9: 41.336146
A10: Grand Total | B10: 115380 | F10: Need Help | G10: 685 | H10: 41.007299
F11: Poor Service | G11: 172 | H11: 45.988372
F12: Service Delay | G12: 176 | H12: 42.443182
F13: Grand Total | G13: 2775 | H13: 41.578378

Sheet Resolution Time Satisfaction
A1: Resolution_Time_Analysis | B1: (Multiple Items)
A3: Count of Ticket_ID_Clean | B3: Column Labels
A4: Row Labels | B4: Good | C4: Bad | D4: Neutral | E4: Grand Total
A5: ≤4 hrs | B5: 0.55254237 | C5: 0.28813559 | D5: 0.15932203 | E5: 1
A6: 25–48 hrs | B6: 0.61754386 | C6: 0.27368421 | D6: 0.10877193 | E6: 1
A7: 5–8 hrs | B7: 0.60069444 | C7: 0.29861111 | D7: 0.10069444 | E7: 1
A8: 9–24 hrs | B8: 0.55956679 | C8: 0.33212996 | D8: 0.10830325 | E8: 1
A9: Grand Total | B9: 0.58253275 | C9: 0.29781659 | D9: 0.11965066 | E9: 1

Sheet First Repsonse Statisfaction
A1: Resolution_Time_Analysis | B1: (Multiple Items)
A3: Count of Ticket_ID_Clean | B3: Column Labels
A4: Row Labels | B4: ≤4 hrs | C4: 25–48 hrs | D4: 5–8 hrs | E4: 9–24 hrs | F4: Grand Total
A5: Low | B5: 0.26845638 | C5: 0.26845638 | D5: 0.23489933 | E5: 0.22818792 | F5: 1
A6: High | B6: 0.2739726 | C6: 0.23630137 | D6: 0.23287671 | E6: 0.25684932 | F6: 1
A7: Critical | B7: 0.25373134 | C7: 0.24253731 | D7: 0.2238806 | E7: 0.27985075 | F7: 1
A8: Medium | B8: 0.23344948 | C8: 0.24738676 | D8: 0.31358885 | E8: 0.20557491 | F8: 1
A9: Grand Total | B9: 0.25764192 | C9: 0.2489083 | D9: 0.25152838 | E9: 0.2419214 | F9: 1

Sheet Ticket Channel Description
A3: Count of Ticket_ID_Clean | B3: Column Labels
A4: Row Labels | B4: Billing Issue | C4: Long Wait Time | D4: Need Help | E4: Doctor Did Not Attend | F4: Service Delay | G4: Poor Service | H4: Grand Total
A5: Email | B5: 0.065225225 | C5: 0.053693694 | D5: 0.053333333 | E5: 0.011171171 | F5: 0.01045045 | G5: 0.011891892 | H5: 0.20576577
A6: Phone | B6: 0.061261261 | C6: 0.046126126 | D6: 0.052612613 | E6: 0.012612613 | F6: 0.01045045 | G6: 0.012612613 | H6: 0.19567568
A7: Walk-in | B7: 0.058738739 | C7: 0.048288288 | D7: 0.049009009 | E7: 0.014774775 | F7: 0.015135135 | G7: 0.012612613 | H7: 0.19855856
A8: Web | B8: 0.060900901 | C8: 0.052252252 | D8: 0.044324324 | E8: 0.013333333 | F8: 0.018378378 | G8: 0.011891892 | H8: 0.20108108
A9: WhatsApp | B9: 0.061981982 | C9: 0.055855856 | D9: 0.047567568 | E9: 0.011531532 | F9: 0.009009009 | G9: 0.012972973 | H9: 0.19891892
A10: Grand Total | B10: 0.30810811 | C10: 0.25621622 | D10: 0.24684685 | E10: 0.063423423 | F10: 0.063423423 | G10: 0.061981982 | H10: 1

Sheet Priority Satisfaction
A3: Count of Ticket_ID_Clean | B3: Column Labels
A4: Row Labels | B4: Good | C4: Bad | D4: Neutral | E4: Grand Total
A5: Low | B5: 0.59677419 | C5: 0.27419355 | D5: 0.12903226 | E5: 1
A6: High | B6: 0.57777778 | C6: 0.29590643 | D6: 0.12631579 | E6: 1
A7: Critical | B7: 0.56164384 | C7: 0.2956621 | D7: 0.14269406 | E7: 1
A8: Medium | B8: 0.55826859 | C8: 0.28412875 | D8: 0.15760266 | E8: 1
A9: Grand Total | B9: 0.57342857 | C9: 0.28742857 | D9: 0.13914286 | E9: 1

Sheet Age Tickets Description
A3: Count of Ticket_ID_Clean | B3: Column Labels
A4: Row Labels | B4: Billing Issue | C4: Doctor Did Not Attend | D4: Long Wait Time | E4: Need Help | F4: Poor Service | G4: Service Delay | H4: Grand Total
A5: 18–35 | B5: 0.31135531 | C5: 0.053113553 | D5: 0.24908425 | E5: 0.26923077 | F5: 0.058608059 | G5: 0.058608059 | H5: 1
A6: 0–17 | B6: 0.29189189 | C6: 0.075675676 | D6: 0.25945946 | E6: 0.25405405 | F6: 0.064864865 | G6: 0.054054054 | H6: 1
A7: 51–65 | B7: 0.31515152 | C7: 0.084848485 | D7: 0.2969697 | E7: 0.18787879 | F7: 0.048484848 | G7: 0.066666667 | H7: 1
A8: 36–50 | B8: 0.32236842 | C8: 0.078947368 | D8: 0.27631579 | E8: 0.21052632 | F8: 0.078947368 | G8: 0.032894737 | H8: 1
A9: 66+ | B9: 0.36575875 | C9: 0.042801556 | D9: 0.21400778 | E9: 0.25291829 | F9: 0.058365759 | G9: 0.06614786 | H9: 1
A10: Grand Total | B10: 0.31820637 | C10: 0.058887088 | D10: 0.25175581 | E10: 0.25337655 | F10: 0.059967585 | G10: 0.057806591 | H10: 1

Sheet Gender Ticket Description
A3: Count of Ticket_ID_Clean | B3: Column Labels
A4: Row Labels | B4: Billing Issue | C4: Long Wait Time | D4: Need Help | E4: Doctor Did Not Attend | F4: Service Delay | G4: Poor Service | H4: Grand Total
A5: Female | B5: 0.3090053 | C5: 0.25191289 | D5: 0.24602707 | E5: 0.066509712 | F5: 0.062978222 | G5: 0.063566804 | H5: 1
A6: Male | B6: 0.30669145 | C6: 0.26301115 | D6: 0.24814126 | E6: 0.058550186 | F6: 0.064126394 | G6: 0.059479554 | H6: 1
A7: Grand Total | B7: 0.30810811 | C7: 0.25621622 | D7: 0.24684685 | E7: 0.063423423 | F7: 0.063423423 | G7: 0.061981982 | H7: 1

Sheet Staisfaction by issues
A3: Count of Ticket_ID_Clean | B3: Column Labels
A4: Row Labels | B4: Bad | C4: Good | D4: Neutral | E4: Grand Total
A5: Billing Issue | B5: 0.28187135 | C5: 0.59181287 | D5: 0.12631579 | E5: 1
A6: Long Wait Time | B6: 0.302391 | C6: 0.5625879 | D6: 0.1350211 | E6: 1
A7: Need Help | B7: 0.28759124 | C7: 0.5620438 | D7: 0.15036496 | E7: 1
A8: Doctor Did Not Attend | B8: 0.34090909 | C8: 0.53977273 | D8: 0.11931818 | E8: 1
A9: Poor Service | B9: 0.27906977 | C9: 0.56976744 | D9: 0.15116279 | E9: 1
A10: Service Delay | B10: 0.25 | C10: 0.60227273 | D10: 0.14772727 | E10: 1
A11: Grand Total | B11: 0.29009009 | C11: 0.57297297 | D11: 0.13693694 | E11: 1
